date,chain,dex,pair,pair_address,base_symbol,base_address,quote_symbol,price_usd,liquidity_usd,market_cap,fdv,vol_24h,vol_6h,vol_1h,txns_24h_buys,txns_24h_sells,price_change_24h,pair_created_at,pool_age_days,vol_tvl_24h,buy_sell_ratio_24h,labels,passed_filter,discovery_source,inverse_connector,csv_avg_liquidity_7d,csv_avg_vol_7d,csv_days_seen,lp_exit_signal,fee_tier_bps,fee_read_method,lp_type,dynamic_fee,est_fees_24h_usd,est_fees_per_tvl_24h,vol_7d_usd,fees_7d_usd,tvl_avg_7d_usd,data_days,seven_day_source
2026-07-19,base,uniswap,TOSHI/WETH,0x4b0Aaf3EBb163dd45F663b38b6d93f6093EBC2d3,TOSHI,0xAC1Bd2486aAf3B5C0fc3Fd868558b082a531B2B4,WETH,0.0001138,965282.54,47901323.0,47901323.0,149099.19,46385.32,1514.49,309,539,-6.01,1699314201000,985.39,0.1545,0.573,v3,True,trending_meta,False,949448.66,88328.86,8,False,100.0,fee(),CL/V3,False,1490.99,0.001545,698217.07,6982.17,770709.9,8,uniswap
2026-07-19,base,uniswap,KEYCAT/WETH,0x377FeeeD4820B3B28D1ab429509e7A0789824fCA,KEYCAT,0x9a26F5433671751C3276a065f57e5a02D2817973,WETH,0.0004011,573168.57,4011917.0,4011917.0,70694.18,12713.82,1713.79,222,170,-3.42,1711420803000,845.26,0.1233,1.306,v2,True,trending_meta,False,565687.19,91657.22,8,False,30.0,getReserves.v2,V2,False,212.08,0.00037,,,,,
2026-07-19,base,aerodrome,VIRTUAL/WETH,0x21594b992F68495dD28d605834b58889d0a727c7,VIRTUAL,0x0b3e328455c4059EEb9e3f84b5543F74E24e7E1b,WETH,0.6148,5063542.32,404259540.0,614843974.0,49395.86,7538.61,287.08,38,130,-1.18,1711899559000,839.72,0.0098,0.292,,True,trending_meta,False,4687998.26,160566.93,8,False,30.0,getReserves.v2,V2,False,148.19,2.9e-05,,,,,
2026-07-19,base,uniswap,BNKR/WETH,0xAEC085E5A5CE8d96A7bDd3eB3A62445d4f6CE703,BNKR,0x22aF33FE49fD1Fa80c7149773dDe5890D3c76F3b,WETH,0.0003605,1869221.72,34962111.0,34962087.0,69650.5,7179.51,56.12,264,283,7.34,1733201093000,593.18,0.0373,0.933,v3,True,trending_meta,False,1861117.88,111952.65,8,False,100.0,fee(),CL/V3,False,696.5,0.000373,745311.21,7453.11,1927501.82,8,uniswap
2026-07-19,base,aerodrome,REI/WETH,0x34E3334E845d101205394e0Bd8821fDdc7Cd5559,REI,0x6B2504A03ca4D43d0D73776F6aD46dAb2F2a4cFD,WETH,0.02547,2069561.07,25477055.0,25477055.0,258974.76,79958.87,12331.21,418,360,0.55,,,0.1251,1.161,,True,trending_meta,False,1991200.74,378566.11,8,False,100.0,fee(),CL/V3,False,2589.75,0.001251,,,,,
2026-07-19,base,aerodrome,REPPO/WETH,0x71FE33676773DF7Cf9Ce14f640caE06823F083cC,REPPO,0xFf8104251E7761163faC3211eF5583FB3F8583d6,WETH,0.02134,52523.03,6130319.0,21238538.0,63016.02,30433.27,295.11,161,270,-4.02,,,1.1998,0.596,,True,trending_meta,False,52234.82,62455.37,8,False,95.0,fee(),CL/V3,False,598.65,0.011398,,,,,
2026-07-19,base,uniswap,AIXBT/VIRTUAL,0x7464850CC1cFb54A2223229b77B1BCA2f888D946,AIXBT,0x4F9Fd6Be4a90f2620860d680c0d4d5Fb53d1A825,VIRTUAL,0.01825,793448.31,15616739.0,18158278.0,4001.02,5.56,0.0,59,3,0.93,1730525195000,624.15,0.005,19.667,v2,True,trending_meta,False,794460.01,8848.38,8,False,30.0,getReserves.v2,V2,False,12.0,1.5e-05,,,,,
2026-07-19,base,aerodrome,SERV/WETH,0x3416f5Fa0adE2D3de6935d4B204d9fe0b68C0eA6,SERV,0x5576D6ed9181F2225afF5282Ac0ED29f755437Ea,WETH,0.03863,952273.5,25499068.0,3405153.0,36630.56,16571.55,0.39,75,32,6.56,,,0.0385,2.344,,True,trending_meta,False,921410.13,71041.18,8,False,150.0,fee(),CL/V3,False,549.46,0.000577,,,,,
2026-07-19,base,uniswap,doginme/WETH,0xADE9BcD4b968EE26Bed102dd43A55f6A8c2416df,doginme,0x6921B130D297cc43754afba22e5EAc0FBf8Db75b,WETH,6.733e-05,998247.89,4553066.0,4553002.0,23643.82,856.29,0.0,33,127,1.56,1707089717000,895.39,0.0237,0.26,v3,True,trending_meta,False,972263.99,26723.75,8,False,100.0,fee(),CL/V3,False,236.44,0.000237,186124.2,1861.24,995661.21,8,uniswap
2026-07-19,base,uniswap,SKI/WETH,0x6d6391B9bD02Eefa00FA711fB1Cb828A6471d283,SKI,0x768BE13e1680b5ebE0024C42c896E3dB59ec0149,WETH,0.004207,589117.71,4207958.0,4207896.0,11058.88,212.59,23.54,40,50,2.21,1712667481000,830.84,0.0188,0.8,v2,True,trending_meta,False,577991.99,56560.09,8,False,30.0,getReserves.v2,V2,False,33.18,5.6e-05,,,,,
2026-07-19,base,uniswap,BRETT/WETH,0xBA3F945812a83471d709BCe9C3CA699A19FB46f7,BRETT,0x532f27101965dd16442E59d40670FaF5eBB142E4,WETH,0.00519,1004295.48,51431842.0,51431842.0,4374.3,799.13,0.0,15,45,2.65,1709041137000,872.81,0.0044,0.333,v3,True,trending_meta,False,986633.95,7066.94,8,False,100.0,fee(),CL/V3,False,43.74,4.4e-05,48845.0,488.45,992564.48,8,uniswap
2026-07-19,base,uniswap,DEGEN/WETH,0xc9034c3E7F58003E6ae0C8438e7c8f4598d5ACAA,DEGEN,0x4ed4E862860beD51a9570b96d89aF5E1B0Efefed,WETH,0.001429,885811.3,52102881.0,52102881.0,1135373.75,357171.84,36224.41,4422,6250,21.99,1704655845000,923.56,1.2817,0.708,v3,True,trending_meta,False,1122413.13,197190.13,8,False,30.0,fee(),CL/V3,False,3406.12,0.003845,1561248.96,4683.75,1035417.23,8,uniswap
2026-07-19,base,uniswap,PING/USDC,0x98c8f03094a9e65ccedc14c40130e4a5dd0ce14fb12ea58cbeac11f662b458b9,PING,0xd85c31854c2B0Fb40aaA9E2Fc4Da23C21f829d46,USDC,0.001402,1072985.0,1402519.0,1402519.0,5777.89,3638.21,66.57,8,7,-2.81,1761147317000,269.73,0.0054,1.143,v4,True,trending_meta,False,1061624.14,14372.58,8,False,100.0,v4.getSlot0,V4,False,57.78,5.4e-05,,,,,
2026-07-19,base,uniswap,PEPE/WETH,0x0FB597D6cFE5bE0d5258A7f017599C2A4Ece34c7,PEPE,0x52b492a33E447Cdb854c7FC19F1e57E8BfA1777D,WETH,3.291e-09,208958.6,1384631.0,1341240.0,636.84,19.41,0.0,11,11,1.02,1723143983000,709.58,0.003,1.0,v3,True,search,False,209132.54,1170.25,8,False,100.0,fee(),CL/V3,False,6.37,3e-05,8200.65,82.01,157335.7,8,uniswap
2026-07-19,base,aerodrome,cbXRP/WETH,0xB90fe999Be6869AF0aFC557DCCfBE169EA3403D6,cbXRP,0xcb585250f852C6c6bf90434AB21A00f02833a4af,WETH,1.098,450545.52,111134963.0,111134963.0,631294.32,83009.12,13994.06,420,377,0.84,,,1.4012,1.114,,True,search,False,462245.62,969978.97,8,False,5.0,fee(),CL/V3,False,315.65,0.000701,,,,,
2026-07-19,base,uniswap,BENJI/WETH,0x16905890A1D02b6F824387419319Bf4188B961b0,BENJI,0xBC45647eA894030a4E9801Ec03479739FA2485F0,WETH,0.001628,319009.49,1628294.0,1628294.0,6646.3,143.55,0.0,15,23,-1.88,1711225521000,847.52,0.0208,0.652,v2,True,search,False,316242.33,32827.51,8,False,30.0,getReserves.v2,V2,False,19.94,6.3e-05,,,,,
2026-07-19,base,alien-base,ALB/WETH,0xbcd27A437eBe92555Cee6b5bBeDdAC639a1b6fcB,ALB,0x1dd2d631c92b1aCdFCDd51A0F7145A50130050C4,WETH,0.004211,167969.8,1002943.0,1980713.0,1810.88,22.42,22.42,7,11,-1.33,1703568289000,936.15,0.0108,0.636,V3,True,search,False,167481.9,1713.12,4,False,100.0,fee(),CL/V3,False,18.11,0.000108,,,,,
2026-07-19,base,aerodrome,cbXRP/WETH,0xA6da283cf7D06b2279626E787c329d6aCF7e2994,cbXRP,0xcb585250f852C6c6bf90434AB21A00f02833a4af,WETH,1.097,120176.95,111053949.0,111053949.0,151.73,2.46,0.0,0,11,0.87,,,0.0013,0.0,,True,search,False,120158.48,4729.2,8,False,25.0,fee(),CL/V3,False,0.38,3e-06,35476.63,354.77,348471.18,8,aerodrome
2026-07-19,base,aerodrome,cbLTC/WETH,0x200681425b0C8D78C6a467512C5D49FA56BaC88A,cbLTC,0xcb17C9Db87B595717C857a08468793f5bAb6445F,WETH,47.023,92093.94,531605.0,3828480.0,74499.14,6257.88,1836.09,311,370,3.26,,,0.8089,0.841,,False,search,False,90176.98,38122.65,8,False,25.0,fee(),CL/V3,False,186.25,0.002022,287916.24,863.75,205049.57,8,aerodrome
2026-07-19,base,aerodrome,cbBTC/WETH,0x42d4a22CaD0F5a49681a5715cE994Af73A43B76b,cbBTC,0xcbB7C0000aB88B473b1f5aFd9ef808440eed33Bf,WETH,64676.55,5381115.33,2804954794.0,2804954794.0,53103393.36,11979214.83,2287777.48,5917,4140,1.06,,,9.8685,1.429,,True,search,False,4917529.59,64588767.8,8,False,0.75,fee(),CL/V3,False,3982.75,0.00074,,,,,
2026-07-19,base,aerodrome,cbDOGE/WETH,0xfb338cb462c9e44cAE9f442fEb09e8E904fFed47,cbDOGE,0xcbD06E5A2B0C65597161de254AA074E489dEb510,WETH,0.07309,68584.79,7899306.0,7899306.0,398.73,0.0,0.0,0,11,0.35,,,0.0058,0.0,,True,search,False,83284.11,3623.92,8,False,100.0,fee(),CL/V3,False,3.99,5.8e-05,26991.75,269.92,142278.13,8,aerodrome
2026-07-19,base,pancakeswap,cbXRP/WETH,0x170b6bFc071426aaB7C81AE12383219facBb6B6A,cbXRP,0xcb585250f852C6c6bf90434AB21A00f02833a4af,WETH,1.098,81720.35,111128090.0,111128090.0,40780.76,5354.34,375.95,239,218,1.03,1749172815000,408.32,0.499,1.096,,True,search,False,75829.6,70306.27,8,False,5.0,fee(),CL/V3,False,20.39,0.00025,,,,,
2026-07-19,base,pancakeswap,cbBTC/WETH,0xC211e1f853A898Bd1302385CCdE55f33a8C4B3f3,cbBTC,0xcbB7C0000aB88B473b1f5aFd9ef808440eed33Bf,WETH,64708.97,4139978.88,2806360815.0,2806360815.0,18853808.17,3836189.59,785306.44,6182,5379,1.1,1726209947000,674.09,4.5541,1.149,,True,search,False,4003371.87,31581333.91,8,False,1.0,fee(),CL/V3,False,1885.38,0.000455,,,,,
2026-07-19,base,quickswap,PEPE/WETH,0x4e7b4B8F4AAE334Bd5b6c8e00f030A84610198A1,PEPE,0x52b492a33E447Cdb854c7FC19F1e57E8BfA1777D,WETH,3.258e-09,57551.85,1370640.0,1370640.0,213.55,6.67,0.0,1,4,-1.34,1755024501000,340.59,0.0037,0.25,v4,True,search,False,57510.4,308.18,8,False,5.0,globalState.lastFee,CLAMM,True,0.11,2e-06,,,,,
2026-07-19,base,aerodrome,cbADA/WETH,0xb862F23ba38c8C65e256782B31E8C08C9aefd612,cbADA,0xcbADA732173e39521CDBE8bf59a6Dc85A9fc7b8c,WETH,0.1662,62438.13,487169.0,9028724.0,53696.54,15104.78,400.89,148,113,-0.18,,,0.86,1.31,,False,search,False,59236.66,84312.56,8,False,25.0,fee(),CL/V3,False,134.24,0.00215,603128.26,1809.38,178757.83,8,aerodrome
2026-07-19,base,aerodrome,cbETH/WETH,0x47cA96Ea59C13F72745928887f84C9F52C3D7348,cbETH,0x2Ae3F1Ec7F1F5012CFEab0185bfc7aa3cf0DEc22,WETH,2125.86,2979246.83,340617128.0,147263383.0,1017779.52,65025.39,10049.48,716,681,1.33,,,0.3416,1.051,,True,search,False,2640915.85,4551887.73,8,False,0.7,fee(),CL/V3,False,71.24,2.4e-05,34821677.79,3482.17,2984919.24,8,aerodrome
2026-07-19,base,hydrex,cbETH/WETH,0xB1383DC47D9971Fc999C3A9088F79E744b376e97,cbETH,0x2Ae3F1Ec7F1F5012CFEab0185bfc7aa3cf0DEc22,WETH,2125.34,2511524.87,340532630.0,61787846.0,598602.41,68473.3,9254.02,393,364,1.34,1753983279000,352.64,0.2383,1.08,CLAMM,True,search,False,2435950.27,2316580.6,8,False,5.0,globalState.lastFee,CLAMM,True,299.3,0.000119,,,,,
2026-07-14,base,pancakeswap,cbETH/WETH,0x257FCbAE4Ac6B26A02E4FC5e1a11e4174B5ce395,cbETH,0x2Ae3F1Ec7F1F5012CFEab0185bfc7aa3cf0DEc22,WETH,2029.64,101023.03,308918473.0,127922224.0,11616.52,3841.4,1878.16,122,102,0.07,1703299979000,934.25,0.115,1.196,,True,search,False,113327.9,11351.42,3,False,1.0,fee(),CL/V3,False,1.16,1.1e-05,,,,,
2026-07-14,base,alien-base,cbETH/WETH,0xc715096EeCC3f4A0FDBfF055a3db2926adC83244,cbETH,0x2Ae3F1Ec7F1F5012CFEab0185bfc7aa3cf0DEc22,WETH,2029.66,283232.12,308921035.0,127386762.0,9475.57,2697.64,1446.64,70,53,0.4,1731937757000,602.8,0.0335,1.321,V3,True,search,False,283695.68,9537.44,3,False,1.0,fee(),CL/V3,False,0.95,3e-06,,,,,
2026-07-19,base,aerodrome,tBTC/WETH,0xA33f162da19C7273BA1205BFD9D4340dA2446E3a,tBTC,0x236aa50979D5f3De3Bd1Eeb40E81137F22ab794b,WETH,64865.86,197586.85,3497687.0,3497687.0,3467.33,1507.47,1297.06,12,27,1.38,,,0.0175,0.444,,True,subgraph,False,192878.8,13313.28,8,False,30.0,fee(),CL/V3,False,10.4,5.3e-05,93315.27,279.95,683505.38,8,aerodrome
2026-07-12,base,quickswap,cbETH/WETH,0x74A4bF2cad1b172cDc82a5Da7130C7A59EB5460b,cbETH,0x2Ae3F1Ec7F1F5012CFEab0185bfc7aa3cf0DEc22,WETH,2050.12,155821.28,306284284.0,49816340.0,9750.05,1806.42,108.36,15,50,0.26,1752582583000,361.85,0.0626,0.3,v4,True,search,False,155821.28,9750.05,1,False,5.0,globalState.lastFee,CLAMM,True,4.88,3.1e-05,,,,,
2026-07-19,base,aerodrome,cbMEGA/USDC,0x0150e3d89E161518C044ad191c4bdf6b40Df6E83,cbMEGA,0xcb111E6A2a3bde90856D299d61341ac302167D23,USDC,0.04483,147633.95,1430974.0,1430974.0,512501.12,184341.15,17806.42,732,777,-0.37,,,3.4714,0.942,,True,search,False,346588.37,615428.77,8,True,30.0,fee(),CL/V3,False,1537.5,0.010414,,,,,
2026-07-19,base,uniswap,Baseforever Token/USDC,0x0ef3c117D6369a382bC24C05C9F2bae598b0208D,Baseforever Token,0x2bdfFbD8bBaF20E511A73B8689312BFeC5098aE9,USDC,0.06916,313724.02,170550497.0,170568807.0,8004.7,2521.39,143.5,16,29,-3.63,1761402889000,266.77,0.0255,0.552,v2,True,search,False,318229.55,6167.17,8,False,30.0,getReserves.v2,V2,False,24.01,7.7e-05,,,,,
2026-07-19,base,aerodrome,cbBTC/USDC,0x4e962BB3889Bf030368F56810A9c96B83CB3E778,cbBTC,0xcbB7C0000aB88B473b1f5aFd9ef808440eed33Bf,USDC,64667.55,8837180.94,2804564489.0,2804564489.0,30479910.43,5869883.32,1541553.5,8460,9540,1.09,,,3.4491,0.887,,True,search,False,8906142.84,66572085.31,8,False,0.3,fee(),CL/V3,False,914.4,0.000103,504343525.17,252171.76,25181901.51,8,aerodrome
2026-07-19,base,aerodrome,cbBTC/USDC,0x160D7E9d948B16c163332a277b393c288408eb12,cbBTC,0xcbB7C0000aB88B473b1f5aFd9ef808440eed33Bf,USDC,64669.73,4364578.09,2804658844.0,2804658844.0,18575669.93,4168373.79,798314.23,3689,4216,1.1,,,4.256,0.875,,True,search,False,4180082.05,33930255.76,8,False,0.88,fee(),CL/V3,False,1634.66,0.000375,,,,,
2026-07-19,base,aerodrome,tBTC/USDC,0xf81e1a62cBfA487E807044618661bFD4802B4982,tBTC,0x236aa50979D5f3De3Bd1Eeb40E81137F22ab794b,USDC,64689.67,350198.69,3488187.0,3488187.0,19523.91,0.0,0.0,80,3,1.33,,,0.0558,26.667,,True,search,False,334502.12,33957.42,8,False,30.0,fee(),CL/V3,False,58.57,0.000167,247235.63,741.71,935320.94,8,aerodrome
2026-07-19,base,pancakeswap,cbXRP/USDC,0xaAbA8e9c7038a9E1224Bb51150546242A1f64E5C,cbXRP,0x3aA748515e96420a0AEe76fa6251d90ACdb3e6e4,USDC,0.001171,117034714.86,117129587.0,117129587.0,0.27,0.0,0.0,1,0,0.0,1761188413000,269.25,0.0,,,True,search,False,117031560.31,0.55,7,False,1.0,fee(),CL/V3,False,0.0,0.0,,,,,
2026-07-19,base,uniswap,cbXRP/USDC,0x3733cbB1402C788900A0A152e61c9aA31888FB95,cbXRP,0xcb585250f852C6c6bf90434AB21A00f02833a4af,USDC,1.087,31283.35,110041869.0,110041869.0,66.16,0.0,0.0,4,0,0.15,1750751107000,390.05,0.0021,,v3,False,search,False,31337.97,568.22,7,False,100.0,fee(),CL/V3,False,0.66,2.1e-05,4502.08,45.02,7164.36,8,uniswap
2026-07-19,base,pancakeswap,cbBTC/USDC,0xb94b22332ABf5f89877A14Cc88f2aBC48c34B3Df,cbBTC,0xcbB7C0000aB88B473b1f5aFd9ef808440eed33Bf,USDC,64668.63,1750301.24,2804611201.0,2804611201.0,2176907.15,352355.13,82663.91,2293,2803,1.1,1726210063000,674.09,1.2437,0.818,,True,search,False,1715141.25,6365778.68,8,False,1.0,fee(),CL/V3,False,217.69,0.000124,,,,,
2026-07-19,base,aerodrome,AERO/cbBTC,0xdFe5F275020def30993f042174Fc2D335678b626,AERO,0x940181a94A35A4569E4529A3CDfB74e38FD98631,cbBTC,0.4542,896117.74,881526829.0,881526829.0,2229995.2,410017.37,44531.17,1274,1846,-2.87,,,2.4885,0.69,,True,search,False,910355.76,2956280.44,8,False,7.5,fee(),CL/V3,False,1672.5,0.001866,21647261.86,64941.79,3000608.15,8,aerodrome
2026-07-19,base,aerodrome,SOL/cbBTC,0xCcfA472815563ff9eB2de95C7b2bE1Ccf91f7F31,SOL,0x311935Cd80B76769bF2ecC9D8Ab7635b2139cf82,cbBTC,76.4,216707.62,15595654.0,15595654.0,1553550.72,306103.73,42635.55,1068,1231,1.82,,,7.1689,0.868,,True,search,False,236498.93,2577685.36,8,False,3.5,fee(),CL/V3,False,543.74,0.002509,,,,,
2026-07-19,base,pancakeswap,SOL/cbBTC,0x8Df6dd38D718bD726374521c2DcFE90Eb9CB7d43,SOL,0x311935Cd80B76769bF2ecC9D8Ab7635b2139cf82,cbBTC,76.23,550747.17,15560905.0,15560905.0,234720.72,47249.27,10646.63,352,387,1.67,1780076661000,50.64,0.4262,0.91,,True,search,False,532199.51,395214.7,8,False,5.0,fee(),CL/V3,False,117.36,0.000213,,,,,
2026-07-19,base,aerodrome,UP/cbBTC,0x37e1490f7f6F98d263f826E1244C7E7f128632F2,UP,0x5b2193fDc451C1f847bE09CA9d13A4Bf60f8c86B,cbBTC,0.06196,687632.95,12779289.0,13705594.0,97935.59,23239.71,0.0,206,315,-0.42,,,0.1424,0.654,,True,search,False,677868.91,84728.65,8,False,100.0,fee(),CL/V3,False,979.36,0.001424,,,,,
2026-07-19,base,aerodrome,MAMO/cbBTC,0xE2B3aA806e56603a244bFc111c9474F7DeDD03db,MAMO,0x7300B37DfdfAb110d83290A29DfB31B1740219fE,cbBTC,0.00947,373298.85,5660223.0,9470831.0,13870.92,2863.55,82.22,314,128,-0.01,,,0.0372,2.453,,True,search,False,365953.91,15422.87,8,False,25.0,fee(),CL/V3,False,34.68,9.3e-05,0.0,0.0,615241.61,8,aerodrome
2026-07-19,base,aerodrome,AERO/cbBTC,0xCDBe19a6EF1B633BE744920C93eE40521d5cf2A6,AERO,0x940181a94A35A4569E4529A3CDfB74e38FD98631,cbBTC,0.4539,1133897.1,880840362.0,880840362.0,848306.24,193938.29,0.0,458,547,-3.14,,,0.7481,0.837,,True,search,False,870729.51,791005.68,8,False,30.0,fee(),CL/V3,False,2544.92,0.002244,,,,,
2026-07-19,base,aerodrome,ZEN/cbBTC,0x47f9e291bb766Fc307Ad7BBa4f29f3Eab6A97101,ZEN,0xf43eB8De897Fbc7F2502483B2Bef7Bb9EA179229,cbBTC,4.21,1062413.86,88422208.0,88422208.0,42941.5,9885.45,1296.6,119,165,1.41,,,0.0404,0.721,,True,search,False,1081208.79,128797.88,8,False,25.0,fee(),CL/V3,False,107.35,0.000101,0.0,0.0,1601827.21,8,aerodrome
2026-07-19,base,aerodrome,EDGE/cbBTC,0x594b83709464A83F37aC77E69DDD447a8A33c0EE,EDGE,0xED6E000dEF95780fb89734c07EE2ce9F6dcAf110,cbBTC,0.0679,445855.07,17316517.0,67903323.0,118615.07,113101.17,1677.26,202,199,6.63,1743598843000,472.83,0.266,1.015,,True,search,False,451326.75,28594.17,8,False,30.0,getReserves.v2,V2,False,355.85,0.000798,,,,,
2026-07-19,base,aerodrome,cbXRP/cbBTC,0x62916B911F2B64d0e3A3b72472D6f8C08c75DcAA,cbXRP,0xcb585250f852C6c6bf90434AB21A00f02833a4af,cbBTC,1.097,392304.08,111029009.0,111029009.0,53139.38,2096.01,970.41,50,58,0.76,,,0.1355,0.862,,True,search,False,323019.84,101035.94,8,False,20.0,fee(),CL/V3,False,106.28,0.000271,,,,,
2026-07-19,base,aerodrome,cbLTC/cbBTC,0x6044c817e55A03DAdc5F6b8B7045aF1985aE90fA,cbLTC,0xcb17C9Db87B595717C857a08468793f5bAb6445F,cbBTC,47.084,87679.06,532294.0,3833441.0,47124.79,4037.09,717.99,85,93,3.42,,,0.5375,0.914,,False,search,False,127896.41,27056.65,8,False,25.0,fee(),CL/V3,False,117.81,0.001344,0.0,0.0,228910.98,8,aerodrome
2026-07-19,base,uniswap,MENTE/cbBTC,0x35c498217B1D851852c916479Cd483dB427a0771,MENTE,0x4CD9a847f39106E19A4E41Aea8a232E915C82aF5,cbBTC,0.0144,151751.42,14408417.0,14408417.0,3185.95,2962.22,2858.23,17,17,2.3,1775676883000,101.56,0.021,1.0,v3,True,search,False,148035.43,2312.89,8,False,30.0,fee(),CL/V3,False,9.56,6.3e-05,0.0,0.0,0.0,8,uniswap
2026-07-19,base,aerodrome,cbADA/cbBTC,0x8782d97C8b25B4d17dBFbaa03f25dC18e51e909D,cbADA,0xcbADA732173e39521CDBE8bf59a6Dc85A9fc7b8c,cbBTC,0.1662,101578.27,487097.0,9027393.0,195527.88,45935.78,0.0,109,136,-0.09,,,1.9249,0.801,,False,search,False,86166.38,164834.19,8,False,25.0,fee(),CL/V3,False,488.82,0.004812,0.0,0.0,306824.87,8,aerodrome
2026-07-19,base,uniswap,VVV/cbBTC,0x36d7043ec113e9926b8f98392544a1b00b027556269bd35e2945403c69806f97,VVV,0xacfE6019Ed1A7Dc6f7B508C02d1b04ec88cC21bf,cbBTC,11.91,75574.33,564044960.0,960136998.0,18743.7,3048.52,1084.0,293,374,3.1,1772181109000,142.02,0.248,0.783,v4,True,search,False,71377.34,16771.35,8,False,30.0,v4.getSlot0,V4,False,56.23,0.000744,,,,,
2026-07-19,base,aerodrome,cbETH/cbBTC,0x8BB9eAF3C5A906D20c4CC10eA2F73A3Ac2D5d41A,cbETH,0x2Ae3F1Ec7F1F5012CFEab0185bfc7aa3cf0DEc22,cbBTC,2130.15,753152.88,341304165.0,147560419.0,832644.65,145037.85,25605.91,542,644,1.44,,,1.1055,0.842,,True,search,False,691846.57,1379616.65,7,False,3.0,fee(),CL/V3,False,249.79,0.000332,,,,,
2026-07-19,base,aerodrome,EURC/cbBTC,0xb07d7EeCe8866E549601AF5C7622D8cdbEdC914e,EURC,0x60a3E35Cc302bFA44Cb288Bc5a4F316Fdb1adb42,cbBTC,1.14,292732.54,57727010.0,57727010.0,289883.27,48969.85,8200.43,575,563,0.13,,,0.9903,1.021,,True,search,False,259160.67,541500.96,6,False,5.0,fee(),CL/V3,False,144.94,0.000495,0.0,0.0,364752.18,8,aerodrome
2026-07-19,base,uniswap,JitoSOL/cbBTC,0xe2B8c33AE97658ceaD06AfD47c7F3857e5851871,JitoSOL,0x97bE14Dd8f994A5364573BC035D85309E7CB34de,cbBTC,98.58,10858778.93,8070710.0,8070710.0,269693.75,48084.84,9808.55,460,638,1.78,1780071373000,50.7,0.0248,0.721,v3,True,search,False,10732586.43,414156.76,8,False,1.0,fee(),CL/V3,False,26.97,2e-06,0.0,0.0,0.0,8,uniswap
2026-07-19,base,uniswap,WBTC/cbBTC,0xd960B78f53e8A346c577F2C7b3f0a2394E73afb9,WBTC,0x0555E30da8f98308EdB960aa94C0Db47230d2B9c,cbBTC,64768.91,140173.13,8117487688.0,4017018.0,140043.61,13970.44,592.51,98,170,1.17,1762466563000,254.46,0.9991,0.576,v3,True,search,False,119400.79,366133.11,6,False,1.0,fee(),CL/V3,False,14.0,0.0001,0.0,0.0,0.0,8,uniswap
2026-07-19,base,aerodrome,ZEN/WETH,0x0392B12a1cEb0cd13af5Ea448CF5586EA609852D,ZEN,0xf43eB8De897Fbc7F2502483B2Bef7Bb9EA179229,WETH,4.21,1825321.16,88496622.0,88496622.0,330464.52,82457.98,24176.67,626,639,1.61,,,0.181,0.98,,True,subgraph,False,1778452.66,561454.02,8,False,15.0,fee(),CL/V3,False,495.7,0.000272,4141691.53,2070.85,2552367.2,8,aerodrome
2026-07-19,base,aerodrome,LCAP/WETH,0x3a88eF38879EFb900c2D7b6199d21C139cEf5Fa7,LCAP,0x4dA9A0f397dB1397902070f93a4D6ddBC0E0E6e8,WETH,5.42,423037.32,2380843.0,2380843.0,4154.63,0.25,0.0,2,44,1.16,,,0.0098,0.045,,True,subgraph,False,412965.28,38006.86,8,False,30.0,fee(),CL/V3,False,12.46,2.9e-05,292332.78,877.0,457793.59,8,aerodrome
2026-07-19,base,aerodrome,BRETT/WETH,0x4e829F8A5213c42535AB84AA40BD4aDCCE9cBa02,BRETT,0x532f27101965dd16442E59d40670FaF5eBB142E4,WETH,0.005178,736769.81,51319836.0,51319836.0,423247.47,38898.35,1546.64,386,753,3.25,,,0.5745,0.513,,True,subgraph,False,742200.99,259453.12,8,False,20.99,fee(),CL/V3,False,888.4,0.001206,1828625.54,5485.88,2760319.84,8,aerodrome
2026-07-19,base,aerodrome,wstETH/AERO,0x565aecF84b5d30a6E79a5CEf3f0dA0Fc4280dEBC,wstETH,0xc1CBa3fCea344f92D9239c08C0568f6F2F0ee452,AERO,2314.85,163138.36,72728501.0,72728501.0,127597.99,23381.83,7.81,246,114,1.09,,,0.7821,2.158,,True,subgraph,False,138931.49,96114.54,8,False,100.0,fee(),CL/V3,False,1275.98,0.007821,724593.84,2173.78,765198.17,8,aerodrome
2026-07-19,base,aerodrome,cbBTC/WETH,0x22AEe3699b6A0fEd71490C103Bd4E5f3309891D5,cbBTC,0xcbB7C0000aB88B473b1f5aFd9ef808440eed33Bf,WETH,64699.41,152198.68,2805945910.0,2805945910.0,131879.07,22883.71,5132.2,1274,1592,1.09,,,0.8665,0.8,,True,subgraph,False,149705.28,570958.08,8,False,0.85,fee(),CL/V3,False,11.21,7.4e-05,4381790.73,438.18,390740.24,8,aerodrome
2026-07-19,base,aerodrome,VVV/WETH,0x46D398A5b33709877f50c8918A7eE96F1Be1d7dd,VVV,0xacfE6019Ed1A7Dc6f7B508C02d1b04ec88cC21bf,WETH,11.9,288465.85,563982365.0,960038863.0,116299.07,19574.41,7750.11,116,120,2.87,,,0.4032,0.967,,True,subgraph,False,294920.87,176345.81,8,False,80.0,fee(),CL/V3,False,930.39,0.003225,1352159.99,4056.48,1790603.13,8,aerodrome
2026-07-19,base,aerodrome,USDT/USDC,0xa41Bc0AFfbA7Fd420d186b84899d7ab2aC57fcD1,USDT,0xfde4C96c8593536E31F229EA8f37b2ADa2699bb2,USDC,0.9987,1525827.02,24126643.0,24126643.0,2000740.99,357363.58,116443.86,883,714,0.01,,,1.3113,1.237,,True,subgraph,False,1610797.32,4144933.06,8,False,0.09,fee(),CL/V3,False,18.01,1.2e-05,30317575.42,3031.76,1653063.46,8,aerodrome
2026-07-19,base,aerodrome,AVNT/USDC,0xc4ed25e61cBdE561c982789f740E3e9A8C317100,AVNT,0x696F9436B67233384889472Cd7cD58A6fB5DF4f1,USDC,0.08941,74705.58,18330731.0,89112505.0,72200.57,19828.31,11409.94,250,295,0.46,,,0.9665,0.847,,True,subgraph,False,80015.8,91598.63,8,False,27.0,fee(),CL/V3,False,194.94,0.002609,669677.27,2009.03,1530924.38,8,aerodrome
2026-07-19,base,aerodrome,SEDA/WETH,0x681D6e4B0b020656cA04956dDAf76aDd7EF022F6,SEDA,0x306aCd0c07c430AbBBb2e74Ef7bdE94F32A898c0,WETH,0.0231,207320.91,17220383.0,797720.0,8215.84,154.83,0.0,15,20,1.88,,,0.0396,0.75,,True,subgraph,False,206630.4,10589.02,8,False,35.0,fee(),CL/V3,False,28.76,0.000139,79807.93,239.42,251873.2,8,aerodrome
2026-07-19,base,aerodrome,AVNT/USDC,0xe30d5BF485F7476AC15884a28ffb3C9cEA635DCB,AVNT,0x696F9436B67233384889472Cd7cD58A6fB5DF4f1,USDC,0.08942,571487.39,18333068.0,89123869.0,77623.81,16390.31,5841.32,295,332,0.45,,,0.1358,0.889,,True,subgraph,False,583951.99,160638.03,8,False,27.0,fee(),CL/V3,False,209.58,0.000367,1168058.91,116.81,889505.34,8,aerodrome
2026-07-18,base,aerodrome,cdxUSD/USDC,0xBBA4BcA62DC6ac976B160F4f513e517d3326759f,cdxUSD,0xC0D3700000987C99b3C9009069E4f8413fD22330,USDC,1.0000032,5005214.21,6150020.0,6150020.0,75.94,0.0,0.0,0,7,0.0,,,0.0,0.0,,True,subgraph,False,5005200.1,923.62,7,False,50.0,fee(),CL/V3,False,0.38,0.0,6462.94,0.65,5107481.89,6,aerodrome
2026-07-19,base,aerodrome,EURC/USDC,0xc5E51044eB7318950B1aFb044FccFb25782C48c1,EURC,0x60a3E35Cc302bFA44Cb288Bc5a4F316Fdb1adb42,USDC,1.14,183125.28,57575438.0,57575438.0,177419.05,63657.86,35082.68,193,265,0.0,,,0.9688,0.728,,True,subgraph,False,162069.89,2181753.58,8,False,0.7,fee(),CL/V3,False,12.42,6.8e-05,16913788.08,1691.38,594885.82,8,aerodrome
2026-07-19,base,aerodrome,TIG/USDC,0x3F5E98C7ebfF35056ab4346BCcd722A537c1aEfA,TIG,0x0C03Ce270B4826Ec62e7DD007f0B716068639F7B,USDC,1.26,1186125.02,27408033.0,62679113.0,155509.57,41299.4,9749.17,259,135,14.59,,,0.1311,1.919,,True,subgraph,False,1049369.57,184081.32,8,False,27.0,fee(),CL/V3,False,419.88,0.000354,1439714.58,4319.14,1205604.0,8,aerodrome
2026-07-19,base,aerodrome,DIEM/USDC,0xBc3231036Ee1ECa03E5F67FEceDC640D21610823,DIEM,0xF4d97F2da56e8c3098f3a8D538DB630A2606a024,USDC,1390.82,225535.32,52391120.0,52391120.0,240344.9,38005.87,9984.92,1355,1579,3.38,,,1.0657,0.858,,True,subgraph,False,227393.0,298384.22,8,False,27.0,fee(),CL/V3,False,648.93,0.002877,2198378.51,1099.19,490615.97,8,aerodrome
2026-07-19,base,aerodrome,USDe/USDC,0x15BC08D2E2B405afeD3fB872DCd2d962BcCfB7e0,USDe,0x5d3a1Ff2b6BAb83b63cd9AD0787074081a52ef34,USDC,1.000036,1001051.43,252730178.0,252730178.0,55022.86,352.17,12.32,61,69,0.01,,,0.055,0.884,,True,subgraph,False,1001032.58,16228.24,8,False,1.0,fee(),CL/V3,False,5.5,5e-06,129384.16,12.94,1005150.17,8,aerodrome
2026-07-19,base,aerodrome,PLAY/USDC,0xF2c832B6999f0246eD504c69AC1bFB97de0B8d50,PLAY,0x853a7c99227499DbA9dB8C3A02aA691aFDeBf841,USDC,0.03396,127227.27,12684116.0,135840600.0,9315.68,2159.57,456.94,116,139,-0.14,,,0.0732,0.835,,True,subgraph,False,127092.82,14521.13,8,False,30.0,fee(),CL/V3,False,27.95,0.00022,105347.67,316.04,128546.27,8,aerodrome
2026-07-19,base,aerodrome,AVAIL/USDC,0xFf0df9b15C29542fa5d7eFe169452507b4d648C2,AVAIL,0xd89d90d26B48940FA8F58385Fe84625d468E057a,USDC,0.002809,168843.04,9893680.0,176427.0,152.01,73.27,73.27,10,6,-0.01,,,0.0009,1.667,,True,subgraph,False,170651.11,1725.05,8,False,30.0,fee(),CL/V3,False,0.46,3e-06,13446.9,40.34,255319.31,8,aerodrome
2026-07-19,base,aerodrome,eUSD/USDC,0x988702fe529a3461ec7Fd09Eea3f962856709FD9,eUSD,0xCfA3Ef56d303AE4fAabA0592388F19d7C3399FB4,USDC,0.9985,507837.59,15647689.0,15647689.0,38489.09,115.68,0.0,39,9,0.0,,,0.0758,4.333,,True,subgraph,False,549081.18,32439.87,8,False,1.0,fee(),CL/V3,False,3.85,8e-06,264717.13,26.47,607182.28,8,aerodrome
2026-07-19,base,aerodrome,B3/WETH,0xB099C658e784b41EE435d48a8eb67e8f27285C93,B3,0xB3B32F9f8827D4634fE7d973Fa1034Ec9fdDB3B3,WETH,0.0005304,512260.84,24631447.0,53048896.0,241550.95,39713.46,3685.2,713,884,-3.54,,,0.4715,0.807,,True,subgraph,False,519310.65,524233.81,8,False,32.04,fee(),CL/V3,False,773.93,0.001511,3990029.7,1995.01,1047668.15,8,aerodrome
2026-07-19,base,aerodrome,MAMO/USDC,0x678F431DA2aBb9B5726bbf5CCDbaEEBB60dA9813,MAMO,0x7300B37DfdfAb110d83290A29DfB31B1740219fE,USDC,0.009451,335144.64,5648934.0,9451941.0,11510.15,1946.51,87.04,108,119,-0.14,,,0.0343,0.908,,True,subgraph,False,331576.97,18756.59,8,False,28.0,fee(),CL/V3,False,32.23,9.6e-05,141889.31,425.67,441540.12,8,aerodrome
2026-07-19,base,aerodrome,cbBTC/WETH,0x70aCDF2Ad0bf2402C957154f944c19Ef4e1cbAE1,cbBTC,0xcbB7C0000aB88B473b1f5aFd9ef808440eed33Bf,WETH,64851.57,13780930.8,2812544985.0,2812544985.0,1777193.61,384253.11,261435.55,1271,888,1.18,,,0.129,1.431,,True,subgraph,False,15647771.69,3773765.56,8,False,25.0,fee(),CL/V3,False,4442.98,0.000322,26656068.67,13328.03,32769744.34,8,aerodrome
2026-07-19,base,aerodrome,VIRTUAL/WETH,0xC200F21EfE67c7F41B81A854c26F9cdA80593065,VIRTUAL,0x0b3e328455c4059EEb9e3f84b5543F74E24e7E1b,WETH,0.6115,231107.24,402103840.0,611565339.0,389154.37,88212.06,5340.41,786,920,-1.38,,,1.6839,0.854,,True,subgraph,False,216747.23,965739.07,8,False,6.0,fee(),CL/V3,False,233.49,0.00101,6932217.17,20796.65,5255226.43,8,aerodrome
2026-07-19,base,aerodrome,LCAP/USDC,0xC8C15670050541255f9b797C008047682524861F,LCAP,0x4dA9A0f397dB1397902070f93a4D6ddBC0E0E6e8,USDC,5.41,142092.93,2377062.0,2377062.0,3286.92,0.0,0.0,29,1,1.3,,,0.0231,29.0,,True,subgraph,False,140889.05,12623.56,8,False,30.0,fee(),CL/V3,False,9.86,6.9e-05,92692.2,278.08,191885.7,8,aerodrome
2026-07-19,base,aerodrome,AERO/WETH,0x82321f3BEB69f503380D6B233857d5C43562e2D0,AERO,0x940181a94A35A4569E4529A3CDfB74e38FD98631,WETH,0.4534,588811.38,879820351.0,879820351.0,622342.87,120097.37,10102.41,1775,2007,-2.97,,,1.0569,0.884,,True,subgraph,False,605274.34,898145.61,8,False,5.0,fee(),CL/V3,False,311.17,0.000528,6618918.0,19856.75,6828645.18,8,aerodrome
2026-07-19,base,aerodrome,cbBTC/USDC,0x3e66e55e97ce60096f74b7C475e8249f2D31a9fb,cbBTC,0xcbB7C0000aB88B473b1f5aFd9ef808440eed33Bf,USDC,64670.21,5103971.53,2804679914.0,2804679914.0,1307116.34,222900.72,51321.06,779,791,1.11,,,0.2561,0.985,,True,subgraph,False,5068932.13,3643756.11,8,False,3.3,fee(),CL/V3,False,431.35,8.5e-05,28003301.05,280033.01,6463468.69,8,aerodrome
2026-07-19,base,aerodrome,USDT/WETH,0x9785eF59E2b499fB741674ecf6fAF912Df7b3C1b,USDT,0xfde4C96c8593536E31F229EA8f37b2ADa2699bb2,WETH,0.9996,446680.74,24148229.0,24148229.0,2277907.43,376369.74,101204.32,2792,3154,0.02,,,5.0996,0.885,,True,subgraph,False,418910.84,3214295.72,8,False,4.06,fee(),CL/V3,False,924.83,0.00207,24448435.19,12224.22,1163921.63,8,aerodrome
2026-07-19,base,aerodrome,uSOL/WETH,0x0225Ba893D5f8Ecd6d2022f9dEC59b34F61098A1,uSOL,0x9B8Df6E244526ab5F6e6400d331DB28C8fdDdb55,WETH,76.1,543633.86,2129522.0,2129522.0,219441.84,23174.55,5324.28,318,218,1.32,,,0.4037,1.459,,True,subgraph,False,547145.81,312537.35,8,False,15.0,fee(),CL/V3,False,329.16,0.000605,2325629.26,6976.89,1081349.0,8,aerodrome
2026-07-19,base,aerodrome,CX/WETH,0x9249F441005947831eaAF9135B319AD97BCD6Bdf,CX,0x000000000000012DeF132E61759048bE5b5C6033,WETH,0.03951,365378.81,7103864.0,434851.0,250657.36,33066.85,9119.79,387,315,-1.24,,,0.686,1.229,,True,subgraph,False,384056.32,284499.69,8,False,30.0,fee(),CL/V3,False,751.97,0.002058,2225684.38,6677.05,378188.53,8,aerodrome
2026-07-19,base,aerodrome,CADC/USDC,0x09Da4832d34BeBBB55783340d5bede7A70F5c48e,CADC,0x043eB4B75d0805c43D7C834902E335621983Cf03,USDC,0.7111,155968.83,982800.0,1077446.0,31022.03,1504.17,0.0,38,20,0.01,,,0.1989,1.9,,False,subgraph,False,159798.49,37609.08,8,False,15.0,fee(),CL/V3,False,46.53,0.000298,280426.6,2804.27,238068.68,8,aerodrome
2026-07-19,base,aerodrome,BIO/WETH,0x222cCBE78890A4d9Ef8d22d7FC1B968Be0F2c653,BIO,0x226A2FA2556C48245E57cd1cbA4C6c9e67077DD2,WETH,0.02554,213338.46,54804416.0,4664305.0,70083.27,15732.41,2535.07,388,359,-0.88,,,0.3285,1.081,,True,subgraph,False,245132.07,160817.7,8,False,25.0,fee(),CL/V3,False,175.21,0.000821,1151355.01,575.68,398449.66,8,aerodrome
2026-07-19,base,aerodrome,KTA/WETH,0x46D710c35BdfB800a18A820712310048Ef8B5256,KTA,0xc0634090F2Fe6c6d75e61Be2b949464aBB498973,WETH,0.1202,104286.69,68904526.0,120268598.0,86756.22,9341.05,1015.91,238,251,2.96,,,0.8319,0.948,,True,subgraph,False,101588.66,90392.52,8,False,25.0,fee(),CL/V3,False,216.89,0.00208,645128.78,1935.39,729673.96,8,aerodrome
2026-07-19,base,aerodrome,msETH/WETH,0x74F72788F4814D7fF3C49B44684aa98Eee140C0E,msETH,0x7Ba6F01772924a82D9626c126347A28299E98c98,WETH,1859.95,25998765.44,24614694.0,24614694.0,1145684.16,8347.05,3207.83,6,62,1.4,,,0.0441,0.097,,True,subgraph,False,25480483.71,2500395.9,8,False,5.0,fee(),CL/V3,False,572.84,2.2e-05,17478361.45,8739.18,26168894.58,8,aerodrome
2026-07-19,base,aerodrome,PENDLE/WETH,0x016df91005F30039c9f1A89b44db5e8c60613603,PENDLE,0xA99F6e6785Da0F5d6fB42495Fe424BCE029Eeb3E,WETH,1.51,144080.61,853828.0,853828.0,11246.52,2674.06,865.73,116,140,0.43,,,0.0781,0.829,,False,subgraph,False,140816.48,21205.71,8,False,15.0,fee(),CL/V3,False,16.87,0.000117,154718.18,77.36,255239.54,8,aerodrome
2026-07-19,base,aerodrome,CLANKER/WETH,0xd23FE2DB317e1A96454a2D1c7e8fc0DbF19BB000,CLANKER,0x1bc0c42215582d5A085795f4baDbaC3ff36d1Bcb,WETH,13.82,135710.51,13634478.0,13634478.0,52081.26,5571.4,178.15,202,159,1.04,,,0.3838,1.27,,True,subgraph,False,132576.71,105673.87,8,False,26.0,fee(),CL/V3,False,135.41,0.000998,771411.89,2314.24,1106235.93,8,aerodrome
2026-07-19,base,aerodrome,superOETHb/WETH,0x6446021F4E396dA3df4235C62537431372195D38,superOETHb,0xDBFeFD2e8460a6Ee4955A68582F85708BAEA60A3,WETH,1869.97,3850249.24,29005404.0,29005404.0,566.92,437.16,5.56,5,22,1.39,,,0.0001,0.227,,True,subgraph,False,3775251.08,2758.4,8,False,4.0,fee(),CL/V3,False,0.23,0.0,21678.17,2.17,3887534.14,8,aerodrome
2026-07-19,base,aerodrome,SIGN/WETH,0x8A7b72F8ff5299E493317D4430293894107af859,SIGN,0x868FCEd65edBF0056c4163515dD840e9f287A4c3,WETH,0.008444,59382.3,10043700.0,10043700.0,3689.74,2669.22,2204.39,40,40,0.1,,,0.0621,1.0,,True,subgraph,False,58780.44,4148.91,8,False,27.0,fee(),CL/V3,False,9.96,0.000168,29952.52,89.86,155911.83,8,aerodrome
2026-07-19,base,aerodrome,HOME/WETH,0x098A4dE96305baFAEA0c0ce07CF6456e2c64982a,HOME,0x4BfAa776991E85e5f8b1255461cbbd216cFc714f,WETH,0.008536,57902.4,35904426.0,49410397.0,309814.97,67436.02,13101.02,1979,1863,23.6,,,5.3506,1.062,,True,subgraph,False,60364.95,183305.09,8,False,27.0,fee(),CL/V3,False,836.5,0.014447,1365110.5,4095.33,211628.76,8,aerodrome
2026-07-19,base,aerodrome,msUSD/USDC,0x7501bc8Bb51616F79bfA524E464fb7B41f0B10fB,msUSD,0x526728DBc96689597F85ae4cd716d4f7fCcBAE9d,USDC,0.9935,25048542.66,24491466.0,24491466.0,133335.16,6861.29,0.0,70,10,0.0,,,0.0053,7.0,,True,subgraph,False,25728779.65,1890605.1,8,False,5.0,fee(),CL/V3,False,66.67,3e-06,13326731.18,6663.37,26680279.34,8,aerodrome
2026-07-19,base,aerodrome,AERO/USDC,0xBE00fF35AF70E8415D0eB605a286D8A45466A4c1,AERO,0x940181a94A35A4569E4529A3CDfB74e38FD98631,USDC,0.456,2983709.14,884946210.0,884946210.0,237440.31,23446.62,115.44,105,479,-3.06,,,0.0796,0.219,,True,subgraph,False,2509318.48,602282.55,8,False,100.0,fee(),CL/V3,False,2374.4,0.000796,4538131.07,45381.31,5374527.28,8,aerodrome
2026-07-19,base,aerodrome,ORDER/WETH,0x27bd426eC343845995c527d634c4E07f0608AaCd,ORDER,0x4E200fE2f3eFb977d5fd9c430A41531FB04d97B8,WETH,0.03238,80195.12,12861945.0,135415.0,147.04,33.5,33.5,2,2,0.7,,,0.0018,1.0,,True,subgraph,False,81693.87,518.28,8,False,30.0,fee(),CL/V3,False,0.44,6e-06,3595.76,10.79,130875.79,8,aerodrome
2026-07-19,base,aerodrome,ZCHF/USDC,0x80891885537e20E240987385490017Fc03D9d7Ed,ZCHF,0xD4dD9e2F021BB459D5A5f6c24C12fE09c5D45553,USDC,1.23,1937527.38,2822579.0,2822579.0,1875.86,1236.24,0.0,0,6,-0.05,,,0.001,0.0,,True,subgraph,False,1978138.63,28933.05,8,False,5.0,fee(),CL/V3,False,0.94,0.0,229289.89,2292.9,1930690.75,8,aerodrome
2026-07-19,base,aerodrome,TIBBIR/WETH,0x0f664afFB82f074937D5cFCD61b97F3F32d5dC50,TIBBIR,0xA4A2E2ca3fBfE21aed83471D28b6f65A233C6e00,WETH,0.114,104997.69,114020969.0,114020969.0,18725.1,1934.19,133.01,138,152,2.24,,,0.1783,0.908,,True,subgraph,False,104081.46,74869.98,8,False,25.0,fee(),CL/V3,False,46.81,0.000446,519932.37,1559.8,680698.46,8,aerodrome
2026-07-19,base,aerodrome,VIRTUAL/WETH,0x3f0296BF652e19bca772EC3dF08b32732F93014A,VIRTUAL,0x0b3e328455c4059EEb9e3f84b5543F74E24e7E1b,WETH,0.6112,404186.22,401903468.0,611260592.0,3368825.15,665014.16,70959.12,5010,4479,-1.38,,,8.3348,1.119,,True,subgraph,False,389784.69,4830511.78,8,False,1.0,fee(),CL/V3,False,336.88,0.000833,34484022.09,17242.01,1547627.16,8,aerodrome
2026-07-19,base,aerodrome,AERO/USDC,0xa4FDd479eda160671636e2eCF8f993Cbf86258a8,AERO,0x940181a94A35A4569E4529A3CDfB74e38FD98631,USDC,0.453,527866.55,879201299.0,879201299.0,509194.25,82796.64,9976.25,1917,2346,-2.84,,,0.9646,0.817,,True,subgraph,False,560171.19,708074.1,8,False,5.0,fee(),CL/V3,False,254.6,0.000482,5332817.59,2666.41,610357.71,8,aerodrome
2026-07-19,base,aerodrome,AAVE/WETH,0x4a79B0168296c0eF7b8F314973B82aD406a29f1B,AAVE,0x63706e401c06ac8513145b7687A14804d17f814b,WETH,90.44,770157.14,1372903886.0,2295847.0,141774.29,22394.94,5700.33,206,116,2.82,,,0.1841,1.776,,True,subgraph,False,942937.39,411138.7,8,False,30.0,fee(),CL/V3,False,425.32,0.000552,2712126.5,8136.38,1486572.51,8,aerodrome
2026-07-19,base,aerodrome,bAP3X/USDC,0x5b8bF0cD0Fa5BF970EBe558d7551a668dadF3570,bAP3X,0x9208d82F121806A34a39bB90733b4C5c54F3993e,USDC,0.01539,135604.24,23287484.0,232864.0,12.38,0.0,0.0,4,0,1.13,,,0.0001,,,True,subgraph,False,136476.58,169.28,8,False,80.0,fee(),CL/V3,False,0.1,1e-06,837.15,0.42,196476.1,8,aerodrome
2026-07-19,base,aerodrome,VCHF/USDC,0x44B7CbBb1E326617d439a2966C4475e78b9D42E6,VCHF,0x1fcA74D9ef54a6AC80ffE7D3b14e76c4330Fd5D8,USDC,1.23,187706.08,5024475.0,732287.0,5.13,0.0,0.0,0,3,0.0,,,0.0,0.0,,True,subgraph,False,187898.04,1506.36,8,False,5.0,fee(),CL/V3,False,0.0,0.0,10793.03,107.93,198345.03,7,aerodrome
2026-07-19,base,aerodrome,MORPHO/WETH,0xB5F0b4aE66C14F7EFaA9aA1468E8FC536A3E288c,MORPHO,0xBAa5CC21fd487B8Fcc2F632f3F4E8D37262a0842,WETH,2.0016,509763.71,224189648.0,61210050.0,494636.9,118521.36,25972.15,885,1255,1.69,,,0.9703,0.705,,True,subgraph,False,471053.57,671687.09,8,False,27.12,fee(),CL/V3,False,1341.46,0.002632,4901839.68,14705.52,1622152.76,8,aerodrome
2026-07-19,base,aerodrome,FLOCK/USDC,0xd7338B6F338DA54b922bbBC6fBE3EFEDD5Ce35fa,FLOCK,0x5aB3D4c385B400F3aBB49e80DE2fAF6a88A7B691,USDC,0.03142,77886.21,13011848.0,13021788.0,63103.24,18860.4,3482.83,616,535,-0.29,,,0.8102,1.151,,True,subgraph,False,80497.85,145875.63,8,False,25.0,fee(),CL/V3,False,157.76,0.002025,1145015.76,572.51,186168.56,8,aerodrome
2026-07-19,base,aerodrome,LINK/WETH,0x72bE417AFB0aBEa66913141C605D313BB389b59C,LINK,0x88Fb150BDc53A65fe94Dea0c9BA0a6dAf8C6e196,WETH,8.37,178497.32,1634380.0,1634380.0,44152.96,2209.45,0.0,59,95,1.18,,,0.2474,0.621,,True,subgraph,False,173552.87,44363.67,8,False,25.0,fee(),CL/V3,False,110.38,0.000618,344080.74,172.04,289958.53,8,aerodrome
2026-07-19,base,aerodrome,ZORA/USDC,0x3f53f1Fd5b7723DDf38D93a584D280B9b94C3111,ZORA,0x1111111111166b7FE7bd91427724B487980aFc69,USDC,0.006348,61924.86,63480652.0,63480652.0,259189.61,59038.28,10793.34,1259,1103,0.04,,,4.1856,1.141,,True,subgraph,False,72327.17,673373.55,8,False,25.0,fee(),CL/V3,False,647.97,0.010464,5257711.76,2628.86,1724162.42,8,aerodrome
2026-07-19,base,aerodrome,XSGD/USDC,0x892A6AB3fa0f1F839fCb0Ae264a8c4bbfb030725,XSGD,0x0A4C9cb2778aB3302996A34BeFCF9a8Bc288C33b,USDC,0.7741,473770.31,6569466.0,6569466.0,21900.06,2447.61,1450.32,77,67,-0.02,,,0.0462,1.149,,True,subgraph,False,475804.0,92977.06,8,False,3.0,fee(),CL/V3,False,6.57,1.4e-05,719383.34,71.94,483474.83,8,aerodrome
2026-07-19,base,aerodrome,SPX/WETH,0x4BA1e3E9280facbAcaFA7baF4aE0b78Bea60beCa,SPX,0x50dA645f148798F68EF2d7dB7C1CB22A6819bb2C,WETH,0.3426,75595.65,9400785.0,9400752.0,8762.52,1538.12,855.44,131,118,-2.4,,,0.1159,1.11,,True,subgraph,False,80229.3,26356.81,8,False,25.0,fee(),CL/V3,False,21.91,0.00029,198627.01,595.88,845318.74,8,aerodrome
2026-07-19,base,aerodrome,SAPIEN/USDC,0x80Cc08712Aa61cE9dc7604F9cE7560A25094B862,SAPIEN,0xC729777d0470F30612B1564Fd96E8Dd26f5814E3,USDC,0.07447,920097.67,18618755.0,74475020.0,33436.4,10795.67,695.09,226,146,1.62,,,0.0363,1.548,,True,subgraph,False,934038.5,89511.43,8,False,45.25,fee(),CL/V3,False,151.3,0.000164,648784.44,324.39,1045577.49,8,aerodrome
2026-07-19,base,aerodrome,XSGD/WETH,0xfEbEeBAa6C9585Fd97aa9157E3B7aACe804b688C,XSGD,0x0A4C9cb2778aB3302996A34BeFCF9a8Bc288C33b,WETH,0.7743,190716.49,6571339.0,6571339.0,31416.79,5419.52,1074.45,213,259,0.01,,,0.1647,0.822,,True,subgraph,False,188742.85,73969.44,8,False,5.0,fee(),CL/V3,False,15.71,8.2e-05,560787.78,280.39,209262.49,8,aerodrome
2026-07-19,base,aerodrome,EURC/USDC,0xE846373C1a92B167b4E9cd5d8E4d6B1Db9E90EC7,EURC,0x60a3E35Cc302bFA44Cb288Bc5a4F316Fdb1adb42,USDC,1.14,2756436.6,57575075.0,57575075.0,353565.44,52790.01,7686.19,361,361,0.0,,,0.1283,1.0,,True,subgraph,False,2578397.82,4424811.09,8,False,0.7,fee(),CL/V3,False,24.75,9e-06,34313205.86,17156.6,3372665.32,8,aerodrome
2026-07-19,base,aerodrome,wstETH/WETH,0x861A2922bE165a5Bd41b1E482B49216b465e1B5F,wstETH,0xc1CBa3fCea344f92D9239c08C0568f6F2F0ee452,WETH,2319.28,1638455.77,72867646.0,72867646.0,920089.04,26567.06,240.49,202,137,1.26,,,0.5616,1.474,,True,subgraph,False,1531655.05,839853.54,8,False,0.9,fee(),CL/V3,False,82.81,5.1e-05,6572755.62,657.28,1772664.23,8,aerodrome
2026-07-19,base,aerodrome,MAMO/WETH,0xAa067F08FeF60420d050A92E7800E588748B7d67,MAMO,0x7300B37DfdfAb110d83290A29DfB31B1740219fE,WETH,0.009477,256866.39,5664456.0,9477914.0,7628.35,2036.68,49.62,172,215,0.0,,,0.0297,0.8,,True,subgraph,False,251532.13,14876.57,8,False,25.0,fee(),CL/V3,False,19.07,7.4e-05,114015.98,342.05,291739.44,8,aerodrome
2026-07-19,base,aerodrome,BNKR/WETH,0xCDD442e2De893c07146B2F1072f8e077559f9aa4,BNKR,0x22aF33FE49fD1Fa80c7149773dDe5890D3c76F3b,WETH,0.0003593,215373.77,34838727.0,34838703.0,240356.52,35618.11,2541.63,569,707,7.05,,,1.116,0.805,,True,subgraph,False,197643.37,241886.57,8,False,26.06,fee(),CL/V3,False,626.37,0.002908,1779099.75,5337.3,1157801.22,8,aerodrome
2026-07-19,base,aerodrome,WETH/USDC,0xdbc6998296caA1652A810dc8D3BaF4A8294330f1,WETH,0x4200000000000000000000000000000000000006,USDC,1872.58,151226.9,531554077.0,524705830.0,86410.21,13825.54,2841.9,1777,1755,1.41,,,0.5714,1.013,,True,subgraph,False,154121.44,525037.43,8,False,0.8,fee(),CL/V3,False,6.91,4.6e-05,3775342.23,377.53,661031.54,8,aerodrome
2026-07-19,base,aerodrome,RIZE/USDC,0xEa5cb64754Ad7aA24F7A6BBe3b724F29B4f822B8,RIZE,0x9818B6c09f5ECc843060927E8587c427C7C93583,USDC,0.009535,50599.33,47675550.0,47148114.0,21154.96,5068.35,1014.62,158,174,-1.98,,,0.4181,0.908,,True,subgraph,False,56189.29,67798.87,8,False,30.0,fee(),CL/V3,False,63.46,0.001254,481825.54,1445.48,153038.52,8,aerodrome
2026-07-19,base,aerodrome,RSC/WETH,0x6cCa90E732942D73c276F73b805cA2948f6B3018,RSC,0xFbB75A59193A3525a8825BeBe7D4b56899E2f7e1,WETH,0.07972,91782.34,9137500.0,5311962.0,31470.7,2621.58,469.21,234,63,4.0,,,0.3429,3.714,,True,subgraph,False,82504.49,34619.95,8,False,75.0,fee(),CL/V3,False,236.03,0.002572,254789.35,764.37,258910.54,8,aerodrome
2026-07-19,base,aerodrome,weETH/WETH,0xbD3cd0D9d429b41F0a2e1C026552Bd598294d5E0,weETH,0x04C0599Ae5A44757c0af6F9eC3b93da8976c150A,WETH,2059.95,366162.08,4737902.0,34427590.0,140539.89,4006.39,193.07,36,89,1.47,,,0.3838,0.404,,True,subgraph,False,474448.3,124586.37,8,False,0.85,fee(),CL/V3,False,11.95,3.3e-05,990888.4,99.09,534342.68,8,aerodrome
2026-07-19,base,aerodrome,DRV/WETH,0xA0e2bac96aB51c92d3284781AeE1EEc817F6F9C2,DRV,0x9d0E8f5b25384C7310CB8C6aE32C8fbeb645d083,WETH,0.1235,62095.88,68271182.0,14665737.0,1528.2,706.09,343.1,36,17,-0.24,,,0.0246,2.118,,True,subgraph,False,62720.93,3607.66,8,False,80.0,fee(),CL/V3,False,12.23,0.000197,26589.5,79.77,512216.82,8,aerodrome
2026-07-19,base,aerodrome,VVV/WETH,0x7eC6C9D993D9832Aa654593f2Dbc21303650Bc6c,VVV,0xacfE6019Ed1A7Dc6f7B508C02d1b04ec88cC21bf,WETH,11.92,2160493.77,564937304.0,961664408.0,1484684.84,195756.62,60967.0,1597,1438,3.18,,,0.6872,1.111,,True,subgraph,False,2036844.77,1216351.95,8,False,27.0,fee(),CL/V3,False,4008.65,0.001855,9330868.1,4665.43,7223728.3,8,aerodrome
2026-07-19,base,aerodrome,WETH/USDC,0xb2cc224c1c9feE385f8ad6a55b4d94E92359DC59,WETH,0x4200000000000000000000000000000000000006,USDC,1872.8,9754158.82,531615701.0,524766659.0,14999360.49,2834573.14,599088.57,5079,5288,1.42,,,1.5377,0.96,,True,subgraph,False,9158372.52,28304334.43,8,False,2.17,fee(),CL/V3,False,3254.86,0.000334,215346696.58,107673.35,65325921.02,8,aerodrome
2026-07-19,base,aerodrome,VELVET/USDC,0x6b0F53cbD9272D8117e9535FE25371dedF39a1bE,VELVET,0xbF927b841994731C573BDF09ceB0c6B0Aa887cDd,USDC,0.5098,3551267.07,126580720.0,4032050.0,1414887.87,410892.03,54575.84,9503,9576,0.7,,,0.3984,0.992,,True,subgraph,False,3646829.99,3250915.63,8,False,1.0,fee(),CL/V3,False,141.49,4e-05,24212696.05,2421.27,3673701.63,8,aerodrome
2026-07-19,base,aerodrome,LMTS/USDC,0xa5E0Da329eE5AA03f09228e534953496334080f5,LMTS,0x9EadbE35F3Ee3bF3e28180070C429298a1b02F93,USDC,0.06753,599975.49,8887376.0,67533918.0,42451.17,3678.9,0.0,62,27,-5.56,,,0.0708,2.296,,True,subgraph,False,616673.46,12400.1,8,False,100.0,fee(),CL/V3,False,424.51,0.000708,96335.73,48.17,1302753.89,8,aerodrome
2026-07-19,base,aerodrome,ANY/WETH,0x4e6a3F08B1266cff9C52DBE5Cc4e7fF48f8bb055,ANY,0xC17dda248E2D50fC006d8fEbb5A406dd31972712,WETH,0.02517,103386.24,5538709.0,25175950.0,2.55,0.0,0.0,5,7,0.99,,,0.0,0.714,,True,subgraph,False,104051.15,284.12,8,False,5.0,fee(),CL/V3,False,0.0,0.0,2220.0,1.11,115081.0,8,aerodrome
2026-07-19,base,aerodrome,CARV/USDC,0xff862675c47B6a2C9072DCBe2f37a78A445c4f37,CARV,0xc08Cd26474722cE93F4D0c34D16201461c10AA8C,USDC,0.03143,239474.2,19165688.0,16164053.0,7575.43,2207.22,111.01,249,273,2.05,,,0.0316,0.912,,True,subgraph,False,241419.1,15389.06,8,False,1.0,fee(),CL/V3,False,0.76,3e-06,112070.83,56.04,282334.01,8,aerodrome
2026-07-19,base,aerodrome,USDC/USDbC,0x98c7A2338336d2d354663246F64676009c7bDa97,USDC,0x833589fCD6eDb6E08f4c7C32D4f71b54bdA02913,USDbC,1.000049,156797.93,73288915823.0,4240358345.0,36523.38,1101.28,1.23,35,36,0.0,,,0.2329,0.972,,True,subgraph,False,169279.2,23680.6,8,False,1.0,fee(),CL/V3,False,3.65,2.3e-05,166148.53,16.61,224735.02,8,aerodrome
2026-07-19,base,aerodrome,BIO/USDC,0xd40BffA9C9E35493B88a2b6744C49D8716b00898,BIO,0x226A2FA2556C48245E57cd1cbA4C6c9e67077DD2,USDC,0.02551,330736.14,54730160.0,4657985.0,28871.09,7757.85,2904.89,171,195,-0.72,,,0.0873,0.877,,True,subgraph,False,343641.22,64849.83,8,False,30.0,fee(),CL/V3,False,86.61,0.000262,472158.78,1416.48,405619.31,8,aerodrome
2026-07-19,base,aerodrome,CARV/USDC,0x4b241E7E1Ba2D76c888aaACb6F099b42F57Aec2b,CARV,0xc08Cd26474722cE93F4D0c34D16201461c10AA8C,USDC,0.03144,84649.55,19168879.0,16166744.0,8784.24,1905.14,65.74,111,145,1.77,,,0.1038,0.766,,True,subgraph,False,90848.44,26704.31,8,False,30.0,fee(),CL/V3,False,26.35,0.000311,185580.49,556.74,132483.2,8,aerodrome
2026-07-19,base,aerodrome,bsdETH/WETH,0x2ae9DF02539887d4EbcE0230168a302d34784c82,bsdETH,0xCb327b99fF831bF8223cCEd12B1338FF3aA322Ff,WETH,2016.89,742355.67,1806945.0,1806945.0,286985.9,7790.42,0.0,31,31,1.2,,,0.3866,1.0,,True,subgraph,False,679581.06,171726.19,8,False,1.0,fee(),CL/V3,False,28.7,3.9e-05,1186761.4,118.68,749019.29,8,aerodrome
2026-07-18,base,aerodrome,cdxUSD/WETH,0x08Df03512DaD349076267706eB7e9f1d3b645AA3,cdxUSD,0xC0D3700000987C99b3C9009069E4f8413fD22330,WETH,1.0049,2299.86,6180136.0,6180136.0,10.42,0.0,0.0,3,3,1.27,1730319427000,625.51,0.0045,1.0,,True,inverse_connector,True,2279.03,20.47,7,False,30.0,getReserves.v2,V2,False,0.03,1.4e-05,,,,,
2026-07-19,base,uniswap,VIRTUAL/USDC,0xa9991eEaCa10aF662633913106fE4c18EC06E1F8,VIRTUAL,0x0b3e328455c4059EEb9e3f84b5543F74E24e7E1b,USDC,0.6141,6162.39,403783233.0,614119552.0,687.64,64.15,0.0,10,39,-1.22,1729701401000,633.68,0.1116,0.256,v3,True,inverse_connector,True,5903.07,1971.48,8,False,100.0,fee(),CL/V3,False,6.88,0.001116,15471.58,154.72,1300.06,8,uniswap
2026-07-19,base,pancakeswap,AERO/WETH,0xF4DFb8647C3Ef75c5A71b7B0ee9240BdccCe8697,AERO,0x940181a94A35A4569E4529A3CDfB74e38FD98631,WETH,0.4527,7472.7,878628804.0,878628804.0,816.1,178.82,31.28,315,367,-2.81,1729268371000,638.7,0.1092,0.858,,True,inverse_connector,True,8094.06,22091.76,8,False,1.0,fee(),CL/V3,False,0.08,1.1e-05,,,,,
2026-07-19,base,uniswap,AERO/cbBTC,0x714f049CaC863036F207a8BD6b283f822f61D079,AERO,0x940181a94A35A4569E4529A3CDfB74e38FD98631,cbBTC,0.4543,3042.42,881642126.0,881642126.0,2282.67,609.31,0.0,73,77,-2.98,1744028931000,467.86,0.7503,0.948,v3,True,inverse_connector,True,3261.73,5585.77,8,False,30.0,fee(),CL/V3,False,6.85,0.002251,0.0,0.0,0.0,8,uniswap
2026-07-19,base,aerodrome,superOETHb/USDC,0x295e0F68384aC506b0C033592Eef9674da5e4f99,superOETHb,0xDBFeFD2e8460a6Ee4955A68582F85708BAEA60A3,USDC,1867.41,16749.19,28965667.0,28965667.0,74.12,0.0,0.0,9,3,1.46,1727188591000,662.77,0.0044,3.0,,True,inverse_connector,True,16589.14,438.64,8,False,30.0,getReserves.v2,V2,False,0.22,1.3e-05,,,,,
2026-07-19,base,aerodrome,superOETHb/cbBTC,0x4d9199269D4F89a367965e90d07D6F4AF7750eD0,superOETHb,0xDBFeFD2e8460a6Ee4955A68582F85708BAEA60A3,cbBTC,1872.52,4085.07,29044896.0,29044896.0,236.7,19.26,16.82,12,14,1.36,,,0.0579,0.857,,True,inverse_connector,True,4005.26,594.59,8,False,5.0,fee(),CL/V3,False,0.12,2.9e-05,0.0,0.0,13207.81,8,aerodrome
2026-07-19,base,aerodrome,VELVET/WETH,0xF579B16f9b1A4aCc872D34a8141fbbD36C0ce10C,VELVET,0xbF927b841994731C573BDF09ceB0c6B0Aa887cDd,WETH,0.509,2544.71,214338213.0,4025556.0,17539.26,2361.55,201.63,364,400,0.66,,,6.8924,0.91,,True,inverse_connector,True,4608.17,28375.43,8,False,30.0,fee(),CL/V3,False,52.62,0.020677,204124.66,612.37,38491.08,8,aerodrome
2026-07-19,base,hydrex,VELVET/WETH,0x77D190B97B20161345AC718c93f530E8a7A4800b,VELVET,0xbF927b841994731C573BDF09ceB0c6B0Aa887cDd,WETH,0.5074,5027.39,213681820.0,3871917.0,10675.37,3603.9,282.86,217,228,0.14,1780940553000,40.64,2.1234,0.952,CLAMM,True,inverse_connector,True,4084.01,11712.4,8,False,5.0,globalState.lastFee,CLAMM,True,5.34,0.001062,,,,,
2026-07-19,base,alien-base,EURC/WETH,0x7682D268f34E86aCCAdfF56Db9668Eb6A449fF07,EURC,0x60a3E35Cc302bFA44Cb288Bc5a4F316Fdb1adb42,WETH,1.14,48344.19,57579558.0,57579558.0,30976.16,5254.82,1202.75,637,643,-0.06,1727715711000,656.67,0.6407,0.991,V3,True,inverse_connector,True,47639.81,86460.62,8,False,2.0,fee(),CL/V3,False,6.2,0.000128,,,,,
2026-07-19,base,pancakeswap,EURC/WETH,0xb4a43D89B5d356065646389fD677cA762EFcD780,EURC,0x60a3E35Cc302bFA44Cb288Bc5a4F316Fdb1adb42,WETH,1.14,34654.78,57598068.0,57598068.0,8512.48,1446.03,323.29,204,216,-0.02,1738764811000,528.78,0.2456,0.944,,True,inverse_connector,True,33489.39,20914.34,8,False,5.0,fee(),CL/V3,False,4.26,0.000123,,,,,
2026-07-19,base,hydrex,EURC/cbBTC,0xFE4D6560D04fED2c9b6b163cb88979D7Cce3874a,EURC,0x60a3E35Cc302bFA44Cb288Bc5a4F316Fdb1adb42,cbBTC,1.14,9761.2,59508309.0,59508309.0,1357.49,211.6,16.18,72,75,-0.06,1762197713000,257.57,0.1391,0.96,CLAMM,True,inverse_connector,True,9715.11,3346.87,8,False,5.0,globalState.lastFee,CLAMM,True,0.68,7e-05,,,,,
2026-07-19,base,pancakeswap,EURC/WETH,0xb57BdfDb5FE848f999B45A868131a50b2EBE1755,EURC,0x60a3E35Cc302bFA44Cb288Bc5a4F316Fdb1adb42,WETH,1.14,8963.89,57568747.0,57568747.0,107.71,8.26,1.49,48,43,-0.04,1727211031000,662.51,0.012,1.116,,True,inverse_connector,True,8819.68,419.84,8,False,1.0,fee(),CL/V3,False,0.01,1e-06,,,,,
2026-07-19,base,0x7Ca1dCCFB4f49564b8f13E18a67747fd428F1C40,cbETH/cbBTC,0x037CFC7b4EE28986915048bda5D36b521f87C094,cbETH,0x2Ae3F1Ec7F1F5012CFEab0185bfc7aa3cf0DEc22,cbBTC,2129.22,32356.85,341154887.0,147495880.0,1374.99,118.65,52.05,51,45,1.59,1779387761000,58.61,0.0425,1.133,,True,inverse_connector,True,31763.71,2970.56,8,False,2.8,fee(),CL/V3,False,0.38,1.2e-05,,,,,
2026-07-19,base,equalizer,cbETH/cbBTC,0x659908a3353C48aA92f9B0Aeb6D3B473AC091B83,cbETH,0x2Ae3F1Ec7F1F5012CFEab0185bfc7aa3cf0DEc22,cbBTC,2128.41,18567.87,341025802.0,147440071.0,2357.91,21.94,5.9,150,120,1.57,1731573633000,612.01,0.127,1.25,,True,inverse_connector,True,18208.22,2191.06,8,False,30.0,getReserves.v2,V2,False,7.07,0.000381,,,,,
2026-07-19,base,uniswap,cbETH/cbBTC,0x8e1f8cda5d77d8e02625e42f844d7949c8b87927af2f22889e957d0d8205ded6,cbETH,0x2Ae3F1Ec7F1F5012CFEab0185bfc7aa3cf0DEc22,cbBTC,2124.67,5968.02,340426748.0,147181076.0,1115.01,82.18,59.05,26,25,1.47,1780601029000,44.57,0.1868,1.04,v4,True,inverse_connector,True,5787.66,1929.86,8,False,0.5,v4.getSlot0,V4,False,0.06,9e-06,,,,,
2026-07-19,base,uniswap,cbETH/cbBTC,0x31789CBCcE6C48881be05A21f165A13DaC41DA7b,cbETH,0x2Ae3F1Ec7F1F5012CFEab0185bfc7aa3cf0DEc22,cbBTC,2124.6,2198.15,340415051.0,147176017.0,142.32,45.46,30.81,11,5,1.29,1726853129000,666.65,0.0647,2.2,v3,True,inverse_connector,True,2149.7,445.39,8,False,30.0,fee(),CL/V3,False,0.43,0.000194,0.0,0.0,0.0,8,uniswap
2026-07-19,base,hydrex,VVV/USDC,0x02107bAb40bBA06AE979A15f67B5AD3853c5E116,VVV,0xacfE6019Ed1A7Dc6f7B508C02d1b04ec88cC21bf,USDC,11.88,17962.12,563042597.0,1348646826.0,2640.35,778.42,275.18,112,57,2.52,1777319165000,82.55,0.147,1.965,CLAMM,True,inverse_connector,True,18862.56,6156.5,8,False,5.0,globalState.lastFee,CLAMM,True,1.32,7.3e-05,,,,,
2026-07-19,base,uniswap,VVV/USDC,0xF85fA96193f411AE7bAA892Dd4AbB7dAceDF9191,VVV,0xacfE6019Ed1A7Dc6f7B508C02d1b04ec88cC21bf,USDC,11.87,13663.99,562412343.0,957366294.0,790.61,157.89,72.64,55,33,2.72,1738000429000,537.63,0.0579,1.667,v3,True,inverse_connector,True,13051.81,1018.19,8,False,100.0,fee(),CL/V3,False,7.91,0.000579,7699.74,77.0,12867.93,8,uniswap
2026-07-18,base,aerodrome,VVV/USDC,0xF8593b97AE3Ddf084Da845cf7dDf591e3d52106d,VVV,0xacfE6019Ed1A7Dc6f7B508C02d1b04ec88cC21bf,USDC,11.7,2384.54,553819180.0,943466187.0,3825.29,159.1,25.74,116,79,16.4,,,1.6042,1.468,,True,inverse_connector,True,2241.07,5693.23,4,False,27.0,fee(),CL/V3,False,10.33,0.004331,,,,,
2026-07-19,base,uniswap,VVV/USDC,0x249e8cf8db1923baebb277947bfb57d0f95e4aef86bed7ed594fb3c2f69a0592,VVV,0xacfE6019Ed1A7Dc6f7B508C02d1b04ec88cC21bf,USDC,11.85,4152.39,561645775.0,956053022.0,80.88,15.08,6.13,19,5,3.25,1738216735000,535.13,0.0195,3.8,v4,True,inverse_connector,True,3969.34,109.98,8,False,100.0,v4.getSlot0,V4,False,0.81,0.000195,,,,,
2026-07-19,base,uniswap,BNKR/USDC,0x87a44b2ff90d59448342017e80c513fd469c9f5edc34db815436a5d984000f52,BNKR,0x22aF33FE49fD1Fa80c7149773dDe5890D3c76F3b,USDC,0.0003579,27912.45,34704159.0,34704135.0,157.68,6.87,0.0,38,60,6.71,1739736439000,517.54,0.0056,0.633,v4,True,inverse_connector,True,27533.2,236.31,8,False,30.0,v4.getSlot0,V4,False,0.47,1.7e-05,,,,,
2026-07-19,base,uniswap,BNKR/USDC,0xda753ca6c9611b25e515c3f0f0f9894ab322b64703767ee76b26ce8ff3ba1b00,BNKR,0x22aF33FE49fD1Fa80c7149773dDe5890D3c76F3b,USDC,0.0003602,9449.32,34925245.0,34925221.0,5.23,0.18,0.01,10,7,6.31,1761318067000,267.75,0.0006,1.429,v4,True,inverse_connector,True,9358.17,7.62,8,False,98.0,v4.getSlot0,V4,False,0.05,5e-06,,,,,
2026-07-19,base,uniswap,REI/USDC,0x4b087223bC28cDcB8A19E4184b08224762d0d5c0,REI,0x6B2504A03ca4D43d0D73776F6aD46dAb2F2a4cFD,USDC,0.02525,2745.73,25254879.0,25254879.0,234.41,52.55,4.36,100,39,0.26,1735965327000,561.18,0.0854,2.564,v3,True,inverse_connector,True,3354.57,405.37,8,False,30.0,fee(),CL/V3,False,0.7,0.000256,3253.83,9.76,698.55,8,uniswap
2026-07-19,base,uniswap,ZEN/USDC,0x91a6E9dc63cab9e52f29F712D688E845dD01a5fe,ZEN,0xf43eB8De897Fbc7F2502483B2Bef7Bb9EA179229,USDC,4.19,6337.04,88134674.0,88134674.0,141.05,13.32,10.17,13,12,1.31,1752070783000,374.78,0.0223,1.083,v3,True,inverse_connector,True,6312.46,186.43,8,False,30.0,fee(),CL/V3,False,0.42,6.7e-05,1431.08,4.29,5942.43,8,uniswap
2026-07-19,base,hydrex,ZEN/USDC,0x415233bF9B9156d4f777d580E67C0a4e398A84C3,ZEN,0xf43eB8De897Fbc7F2502483B2Bef7Bb9EA179229,USDC,4.2,2138.16,88247183.0,88247207.0,226.25,74.93,21.3,25,21,1.6,1777319109000,82.55,0.1058,1.19,CLAMM,True,inverse_connector,True,2173.37,463.16,8,False,5.0,globalState.lastFee,CLAMM,True,0.11,5.3e-05,,,,,
2026-07-19,base,uniswap,USDT/WETH,0xd92E0767473D1E3FF11Ac036f2b1DB90aD0aE55F,USDT,0xfde4C96c8593536E31F229EA8f37b2ADa2699bb2,WETH,0.9991,27180.48,24135871.0,24135871.0,7376.31,985.4,209.56,353,336,-0.01,1713309023000,823.41,0.2714,1.051,v3,True,inverse_connector,True,34772.14,24066.89,8,False,5.0,fee(),CL/V3,False,3.69,0.000136,183079.61,91.54,45132.89,8,uniswap
2026-07-19,base,pancakeswap,USDT/WETH,0x526d54cD4FAc2e6B2ddCb6bC98b9292603061f85,USDT,0xfde4C96c8593536E31F229EA8f37b2ADa2699bb2,WETH,0.9988,17033.05,24129583.0,24129583.0,11904.69,959.92,120.43,993,949,-0.08,1721028999000,734.06,0.6989,1.046,,True,inverse_connector,True,16972.25,21400.32,8,False,1.0,fee(),CL/V3,False,1.19,7e-05,,,,,
2026-07-18,base,0x0e5Ab24beBdA7e5Bb3961f7E9b3532a83aE86B48,USDT/WETH,0xA20AAc4bca3596042F48f09026107905cBC54479,USDT,0xfde4C96c8593536E31F229EA8f37b2ADa2699bb2,WETH,1.0018,17834.29,24191986.0,24191986.0,3889.33,72.6,0.0,90,106,0.52,,,0.2181,0.849,,True,inverse_connector,True,17685.77,4800.87,6,False,5.0,fee(),CL/V3,False,1.94,0.000109,,,,,
2026-07-19,base,uniswap,USDT/cbBTC,0x615c506db615d0f36ce9d8e95efbb774edfd933c517372dd4fabd108c0eaf838,USDT,0xfde4C96c8593536E31F229EA8f37b2ADa2699bb2,cbBTC,0.9988,2218.25,24130415.0,24130415.0,18.88,1.66,0.0,1,8,-0.22,1746804293000,435.73,0.0085,0.125,v4,True,inverse_connector,True,2194.3,67.0,7,False,30.0,v4.getSlot0,V4,False,0.06,2.6e-05,,,,,
2026-07-19,base,aerodrome,DEGEN/USDC,0x637ad8d2611d3efE2ef41fdBb40b9F21AbAF9585,DEGEN,0x4ed4E862860beD51a9570b96d89aF5E1B0Efefed,USDC,0.001435,2740.61,52330252.0,52330252.0,1153.09,329.77,39.53,214,202,23.01,1709852225000,863.42,0.4207,1.059,,True,inverse_connector,True,2622.06,223.92,8,False,30.0,getReserves.v2,V2,False,3.46,0.001262,,,,,
2026-07-19,base,uniswap,DEGEN/USDC,0xd57be5f05a6b382eb6ea8867dae4c18684fa1a8e2782ebb2d494a15bf11cc32e,DEGEN,0x4ed4E862860beD51a9570b96d89aF5E1B0Efefed,USDC,0.001446,2996.81,52726921.0,52726921.0,570.94,180.8,19.26,120,97,24.32,1738700241000,529.53,0.1905,1.237,v4,True,inverse_connector,True,2860.59,106.52,8,False,100.0,v4.getSlot0,V4,False,5.71,0.001905,,,,,
2026-07-19,base,aerodrome,PING/WETH,0x5D28f920C9d23100E4A38b2bA2D8aE617c3b2615,PING,0xd85c31854c2B0Fb40aaA9E2Fc4Da23C21f829d46,WETH,0.001416,4916.47,1416909.0,1416909.0,780.01,245.92,0.0,11,14,-1.98,,,0.1587,0.786,,True,inverse_connector,True,4986.15,3073.22,8,False,45.0,fee(),CL/V3,False,3.51,0.000714,,,,,
2026-07-19,base,uniswap,AAVE/USDC,0xC562998555779318B85284b7af71BEBb2ada3461,AAVE,0x63706e401c06ac8513145b7687A14804d17f814b,USDC,90.22,19607.71,1369682072.0,2290459.0,3386.26,351.26,19.67,68,74,2.57,1745721481000,448.27,0.1727,0.919,v3,True,inverse_connector,True,19580.13,8092.79,8,False,30.0,fee(),CL/V3,False,10.16,0.000518,55532.49,166.6,8014.7,8,uniswap
2026-07-19,base,uniswap,AAVE/USDC,0xd417a8e24c0f1ab81e619a453f6f85f662d7e7c8af06a3f351e0c6ef7293790a,AAVE,0x63706e401c06ac8513145b7687A14804d17f814b,USDC,90.4,3590.22,1372409456.0,2295020.0,11.95,1.34,0.0,11,8,2.59,1742048069000,490.78,0.0033,1.375,v4,True,inverse_connector,True,3650.58,19.12,8,False,30.0,v4.getSlot0,V4,False,0.04,1e-05,,,,,
2026-07-19,base,uniswap,TOSHI/USDC,0xFc131B9981fB053C2cAb7373DAf70DeF1436c4BB,TOSHI,0xAC1Bd2486aAf3B5C0fc3Fd868558b082a531B2B4,USDC,0.0001135,29198.37,47768459.0,47768459.0,1981.16,508.27,34.87,86,102,-5.08,1707628977000,889.15,0.0679,0.843,v3,True,inverse_connector,True,28834.82,1006.66,8,False,100.0,fee(),CL/V3,False,19.81,0.000679,7864.53,78.65,4013.73,8,uniswap
2026-07-19,base,uniswap,TOSHI/USDC,0xe01ae2a3540ad0c9c99b9476dd885feb097f42d9b8537c9c4a5d0d1e213ad280,TOSHI,0xAC1Bd2486aAf3B5C0fc3Fd868558b082a531B2B4,USDC,0.0001134,8760.35,47736021.0,47736021.0,0.08,0.02,0.0,1,5,-2.9,1739291419000,522.69,0.0,0.2,v4,True,inverse_connector,True,8750.11,0.05,8,False,5.0,v4.getSlot0,V4,False,0.0,0.0,,,,,
2026-07-19,base,uniswap,SAPIEN/WETH,0x682A02D5a32DDb09D1cf4791fB4124E0d4E17b67,SAPIEN,0xC729777d0470F30612B1564Fd96E8Dd26f5814E3,WETH,0.07477,41005.21,18693159.0,74772637.0,1388.09,813.94,0.0,15,21,1.45,1755682139000,332.98,0.0339,0.714,v3,True,inverse_connector,True,41007.85,5549.41,8,False,100.0,fee(),CL/V3,False,13.88,0.000339,39121.0,391.21,35556.17,8,uniswap
2026-07-19,base,aerodrome,AIXBT/WETH,0xF3E7E359b75a7223BA9D71065C57DDd4F5D8747e,AIXBT,0x4F9Fd6Be4a90f2620860d680c0d4d5Fb53d1A825,WETH,0.01838,3874.88,15730127.0,18290119.0,16.79,5.23,0.0,2,8,0.21,1731739173000,610.1,0.0043,0.25,,True,inverse_connector,True,3874.34,84.42,8,False,30.0,getReserves.v2,V2,False,0.05,1.3e-05,,,,,
2026-07-19,base,uniswap,AIXBT/WETH,0x47808DdBC91646b21B307FeFBaF7ee200B004CcC,AIXBT,0x4F9Fd6Be4a90f2620860d680c0d4d5Fb53d1A825,WETH,0.01847,3623.05,15807830.0,18380467.0,12.32,5.4,1.92,0,11,-0.35,1730525637000,624.14,0.0034,0.0,v3,True,inverse_connector,True,3921.08,34.79,8,False,100.0,fee(),CL/V3,False,0.12,3.4e-05,139.72,1.4,3081.06,8,uniswap
2026-07-17,base,uniswap,AIXBT/WETH,0x1C5432a50DA0C3a533a93355873c431d4A844A61,AIXBT,0x4F9Fd6Be4a90f2620860d680c0d4d5Fb53d1A825,WETH,0.01891,2205.78,18810759.0,18814552.0,0.34,0.0,0.0,2,2,-0.16,1730526781000,622.13,0.0002,1.0,v3,True,inverse_connector,True,2215.54,0.45,4,False,30.0,fee(),CL/V3,False,0.0,0.0,2.0,0.01,973.15,7,uniswap
2026-07-19,base,aerodrome,UP/USDC,0xb1857B20d91c216f51656B63081f35C7cD0A489d,UP,0x5b2193fDc451C1f847bE09CA9d13A4Bf60f8c86B,USDC,0.06174,21073.63,12733347.0,13656322.0,11914.2,3007.03,299.83,77,122,-0.8,,,0.5654,0.631,,True,inverse_connector,True,20405.56,11693.39,8,False,100.0,fee(),CL/V3,False,119.14,0.005654,,,,,
2026-07-19,base,uniswap,UP/USDC,0x96b7413d4fd249669a1adb38f4fdc78a69fe50be1c46051c1d39e0a1bf6c93a7,UP,0x5b2193fDc451C1f847bE09CA9d13A4Bf60f8c86B,USDC,0.06199,4305.74,12786072.0,13712868.0,2.0,0.0,0.0,0,1,0.0,1770784375000,158.19,0.0005,0.0,v4,True,inverse_connector,True,4282.93,18.69,8,False,400.0,v4.getSlot0,V4,False,0.08,1.9e-05,,,,,
2026-07-19,base,uniswap,cbXRP/USDC,0xb8fa9b30d8bc4cfa94d0228a7b57d613b53048838ce4e2d44033dae8cf1e03e2,cbXRP,0xcb585250f852C6c6bf90434AB21A00f02833a4af,USDC,1.095,18295.25,110806421.0,110806421.0,128.09,0.42,0.0,13,10,0.73,1752772107000,366.66,0.007,1.3,v4,False,search,False,18178.57,689.21,5,False,30.0,v4.getSlot0,V4,False,0.38,2.1e-05,,,,,
2026-07-16,base,aerodrome,cbXRP/cbBTC,0x95Ff4985af7ED78421215be100c18a2b987f7E90,cbXRP,0xcb585250f852C6c6bf90434AB21A00f02833a4af,cbBTC,1.11,7378.81,111543940.0,111543940.0,23.83,0.0,0.0,9,3,0.79,,,0.0032,3.0,,True,inverse_connector,True,7227.07,21.41,3,False,25.0,fee(),CL/V3,False,0.06,8e-06,0.0,0.0,331048.84,7,aerodrome
2026-07-18,base,pancakeswap,cbXRP/USDC,0x882F68437e3d753CbC0d1369b555F801B071f7c8,cbXRP,0xcb585250f852C6c6bf90434AB21A00f02833a4af,USDC,1.081,6689.27,109432281.0,109432281.0,0.45,0.12,0.12,1,3,-0.06,1749172589000,407.3,0.0001,0.333,,True,inverse_connector,True,6713.72,0.45,4,False,5.0,fee(),CL/V3,False,0.0,0.0,,,,,
2026-07-16,base,pancakeswap,cbXRP/cbBTC,0xf0035A825360285c75c18Ae8b52C80A3D648fBE0,cbXRP,0xcb585250f852C6c6bf90434AB21A00f02833a4af,cbBTC,1.1,4229.52,110306952.0,110306952.0,438.39,88.14,18.3,41,40,-0.31,1749172705000,405.33,0.1037,1.025,,True,inverse_connector,True,4174.43,364.98,3,False,5.0,fee(),CL/V3,False,0.22,5.2e-05,,,,,
2026-07-16,base,pancakeswap,cbXRP/cbBTC,0x13c9C9196f05989E28284F9Ba5a97f24e87D3072,cbXRP,0xcb585250f852C6c6bf90434AB21A00f02833a4af,cbBTC,1.11,2398.65,111142331.0,111142331.0,518.56,10.96,0.0,24,7,0.64,1767670343000,191.23,0.2162,3.429,,True,inverse_connector,True,2426.81,237.32,3,False,25.0,fee(),CL/V3,False,1.3,0.00054,,,,,
2026-07-19,base,uniswap,AVNT/WETH,0x04f0C5d0e2fc9329F08E0112a37d7D9B7CfF1043,AVNT,0x696F9436B67233384889472Cd7cD58A6fB5DF4f1,WETH,0.08959,25853.93,18367820.0,89292808.0,860.08,55.67,21.63,27,38,-0.02,1757424019000,312.82,0.0333,0.711,v3,True,inverse_connector,True,26277.64,1685.96,8,False,100.0,fee(),CL/V3,False,8.6,0.000333,12211.81,122.12,16931.73,8,uniswap
2026-07-19,base,aerodrome,uSOL/cbBTC,0xC900eA56B5227aE2d95c288a2597B278Cbf741dd,uSOL,0x9B8Df6E244526ab5F6e6400d331DB28C8fdDdb55,cbBTC,76.31,42676.06,2135573.0,2135573.0,7345.86,1305.67,528.56,70,54,1.69,,,0.1721,1.296,,True,inverse_connector,True,42306.63,14603.09,6,False,15.0,fee(),CL/V3,False,11.02,0.000258,0.0,0.0,265504.46,8,aerodrome
2026-07-19,base,uniswap,SOL/USDC,0x1cCA8388E671e83010843a1A0535B04F2D7E946B,SOL,0x311935Cd80B76769bF2ecC9D8Ab7635b2139cf82,USDC,76.12,33814.56,15538478.0,15538478.0,15101.48,3987.19,372.3,126,26,1.57,1767815553000,192.55,0.4466,4.846,v3,True,inverse_connector,True,29816.23,24238.79,8,False,30.0,fee(),CL/V3,False,45.3,0.00134,182653.14,547.96,19721.02,8,uniswap
2026-07-19,base,pancakeswap,SOL/USDC,0xbF9D262f0199Fea8BEF911175b1b313055aF4b1B,SOL,0x311935Cd80B76769bF2ecC9D8Ab7635b2139cf82,USDC,76.22,11841.17,15559865.0,15559865.0,17341.35,3682.0,641.16,767,620,1.74,1764906493000,226.22,1.4645,1.237,,True,inverse_connector,True,11809.88,33156.16,8,False,1.0,fee(),CL/V3,False,1.73,0.000146,,,,,
2026-07-19,base,aerodrome,SOL/USDC,0xb30540172F1B37d1eE1d109e49F883E935E69219,SOL,0x311935Cd80B76769bF2ecC9D8Ab7635b2139cf82,USDC,76.22,11055.55,15558590.0,15558590.0,6951.83,1069.28,255.08,309,241,1.76,,,0.6288,1.282,,True,inverse_connector,True,11312.47,13086.0,8,False,0.5,fee(),CL/V3,False,0.35,3.1e-05,,,,,
2026-07-19,base,0x7Ca1dCCFB4f49564b8f13E18a67747fd428F1C40,SOL/USDC,0x64f3eA81C19b052732a4E3371F68135D33116897,SOL,0x311935Cd80B76769bF2ecC9D8Ab7635b2139cf82,USDC,76.26,18039.43,15566709.0,15566709.0,1896.2,303.44,34.46,110,78,1.84,1779294347000,59.69,0.1051,1.41,,True,inverse_connector,True,18035.62,3838.58,8,False,3.4,fee(),CL/V3,False,0.64,3.6e-05,,,,,
2026-07-19,base,aerodrome,EURC/WETH,0x9DFf4b5AE4fD673213502Ab8fbf6d36015efb3E1,EURC,0x60a3E35Cc302bFA44Cb288Bc5a4F316Fdb1adb42,WETH,1.14,36622.05,57573366.0,57573366.0,170.43,10.73,0.0,6,17,-0.29,1722640819000,715.4,0.0047,0.353,,True,inverse_connector,True,41936.43,1840.11,7,False,30.0,getReserves.v2,V2,False,0.51,1.4e-05,,,,,
2026-07-18,base,aerodrome,cbBTC/WETH,0x7C7420DD105E2779316423Ba3E973f434315EFA9,cbBTC,0xcbB7C0000aB88B473b1f5aFd9ef808440eed33Bf,WETH,63995.13,514578.43,2775874028.0,2775874028.0,7252233.39,1119598.02,135686.99,6758,7319,1.9,,,14.0935,0.923,,True,search,False,441127.16,8199964.38,5,False,0.85,fee(),CL/V3,False,616.44,0.001198,,,,,
2026-07-19,base,uniswap,TOSHI/USDC,0x4f6d284be631397e2ab951fd5470ae8ec81fd8d7469a514b7b3475c389ae1113,TOSHI,0xAC1Bd2486aAf3B5C0fc3Fd868558b082a531B2B4,USDC,0.0001205,2138.78,50698545.0,50698545.0,0.05,0.0,0.0,2,2,14.79,1738241071000,534.84,0.0,1.0,v4,True,inverse_connector,True,2135.3,0.04,5,False,30.0,v4.getSlot0,V4,False,0.0,0.0,,,,,
2026-07-15,base,aerodrome,CHECK/USDC,0xf0125d06B76CEbC2Ab3831A938E07Ab6988B00c9,CHECK,0x9126236476eFBA9Ad8aB77855c60eB5BF37586Eb,USDC,0.02921,179092.83,8939508.0,29215671.0,0.0,0.0,0.0,0,1,0.0,,,0.0,0.0,,True,subgraph,False,179092.83,0,1,False,1.0,fee(),CL/V3,False,0.0,0.0,0.0,0.0,263376.53,1,aerodrome
2026-07-16,base,hydrex,VVV/cbBTC,0xB651439c9B086c7B4399C623e54dEeBCb3905f17,VVV,0xacfE6019Ed1A7Dc6f7B508C02d1b04ec88cC21bf,cbBTC,10.65,3533.45,504168821.0,1208608590.0,2095.19,309.03,101.16,78,74,-0.54,1781554257000,30.54,0.593,1.054,CLAMM,True,inverse_connector,True,3535.02,2367.14,2,False,5.0,globalState.lastFee,CLAMM,True,1.05,0.000296,,,,,
2026-07-17,base,deltaswap,weETH/USDC,0x288976Ed5C798937cc58954deeE471dfbcd3F23B,weETH,0x04C0599Ae5A44757c0af6F9eC3b93da8976c150A,USDC,2006.87,41054.85,4615813.0,33644942.0,870.11,186.25,17.08,26,52,-3.18,1715872993000,791.74,0.0212,0.5,,True,inverse_connector,True,41456.34,999.36,3,False,30.0,getReserves.v2,V2,False,2.61,6.4e-05,,,,,
2026-07-16,base,uniswap,Base/USDC,0x43bf7e37da84302266e4a9f5bb043b199c93bb96fd9b98603faef462ca279b03,Base,0x3Fa0587dE2DF913Ad4F0b5726a1434A4955fFb07,USDC,0.0004596,283071.6,45964073.0,45964073.0,1.17,0.0,0.0,0,1,0.0,1783890757000,3.5,0.0,0.0,v4,True,search,False,283071.6,1.17,1,False,9999.9,v4.getSlot0,V4,False,1.17,4e-06,,,,,
2026-07-19,base,uniswap,MORPHO/USDC,0x0b5801d76420450270ae80476bb57091a23969ef4c05f4f9441547d09e96c83b,MORPHO,0xBAa5CC21fd487B8Fcc2F632f3F4E8D37262a0842,USDC,2.0044,33883.27,224495966.0,61293683.0,1026.17,167.25,0.0,46,24,1.74,1740770387000,505.57,0.0303,1.917,v4,True,inverse_connector,True,34060.27,3149.03,4,False,100.0,v4.getSlot0,V4,False,10.26,0.000303,,,,,
2026-07-19,base,aerodrome,SOL/WETH,0xFCCE67a155DF9a1a95BeCfe7D09E32DfbE6F9816,SOL,0x311935Cd80B76769bF2ecC9D8Ab7635b2139cf82,WETH,76.28,24512.86,15572112.0,15572112.0,129069.81,23106.61,5643.16,623,610,1.79,,,5.2654,1.021,,True,inverse_connector,True,17165.6,112715.35,4,False,3.5,fee(),CL/V3,False,45.17,0.001843,,,,,
2026-07-17,base,uniswap,BRIAN/WETH,0xE5aed661F83eBaAbd492f3752B65752AAA6f5DEb,BRIAN,0xB2000000000000000000007BF6D5cBb0E24cB301,WETH,0.01285,64926.14,12857937.0,12857937.0,3886352.02,2417818.31,195446.21,9708,8675,-1.59,1784153499000,1.45,59.858,1.119,v3,True,search,False,64926.14,3886352.02,1,False,100.0,fee(),CL/V3,False,38863.52,0.59858,6213088.92,62130.89,17765.21,4,uniswap
2026-07-19,base,uniswap,BRIAN/USDC,0xfc9e7c69581885aa0377e417224d2f5756414ec7c9d44e242c56e98c5e52cc78,BRIAN,0xB2000000000000000000007BF6D5cBb0E24cB301,USDC,0.002018,85027.47,2018225.0,2018225.0,171280.03,8006.02,1599.31,811,735,69.71,1784246227000,2.38,2.0144,1.103,v4,True,search,False,115937.05,1396545.84,3,False,295.0,v4.getSlot0,V4,False,5052.76,0.059425,,,,,
2026-07-19,base,uniswap,BRIAN/USDC,0x24688a93ccc4f193eb59ceb2b502a30d901ecb0d17a05092bcb19ef5d03e1d74,BRIAN,0xB2000000000000000000007BF6D5cBb0E24cB301,USDC,0.002049,65233.82,2049740.0,2049740.0,328913.68,20517.23,4294.29,1516,1381,71.63,1784256371000,2.26,5.0421,1.098,v4,True,search,False,76770.97,1229766.8,3,False,212.22,v4.getSlot0,V4,False,6980.21,0.107003,,,,,
2026-07-17,base,uniswap,BRIAN/USDC,0xFc703823588c75535AFc2167F152301B83EB78e6,BRIAN,0xB2000000000000000000007BF6D5cBb0E24cB301,USDC,0.01287,74009.47,12870087.0,12870087.0,360712.33,360712.33,274251.58,721,504,-20.35,1784265433000,0.16,4.8739,1.431,v3,True,search,False,74009.47,360712.33,1,False,100.0,fee(),CL/V3,False,3607.12,0.048739,2709063.04,27090.63,17421.59,2,uniswap
2026-07-19,base,uniswap,cbETH/USDC,0xa8E4C55D6dAf4D768aeBa2378c1AD94c112Ef48a,cbETH,0x2Ae3F1Ec7F1F5012CFEab0185bfc7aa3cf0DEc22,USDC,2121.72,2301.64,339953457.0,146976450.0,127.54,45.95,0.0,21,21,1.38,1717419049000,775.84,0.0554,1.0,v3,True,inverse_connector,True,2285.1,331.55,3,False,30.0,fee(),CL/V3,False,0.38,0.000166,2826.42,8.48,1793.74,8,uniswap
2026-07-18,base,uniswap,cbXRP/WETH,0x6ceFe2a691b1734042c10958B8E0EC19D81b2850,cbXRP,0xcb585250f852C6c6bf90434AB21A00f02833a4af,WETH,1.086,8703.0,109859724.0,109859724.0,24.46,1.8,0.0,5,2,1.03,1752827315000,365.0,0.0028,2.5,v3,True,inverse_connector,True,8703.0,24.46,1,False,100.0,fee(),CL/V3,False,0.24,2.8e-05,202.65,2.03,1806.23,8,uniswap
2026-07-18,base,pancakeswap,cbXRP/WETH,0x161b4ABc496e4a5b61939ed6b5977DF29DcfF8Ba,cbXRP,0xcb585250f852C6c6bf90434AB21A00f02833a4af,WETH,1.09,3234.32,110309141.0,110309141.0,68.87,5.47,0.0,6,12,0.52,1767670407000,193.21,0.0213,0.5,,True,inverse_connector,True,3234.32,68.87,1,False,25.0,fee(),CL/V3,False,0.17,5.3e-05,,,,,
