date,chain,dex,pair,pair_address,base_symbol,base_address,quote_symbol,price_usd,liquidity_usd,market_cap,fdv,vol_24h,vol_6h,vol_1h,txns_24h_buys,txns_24h_sells,price_change_24h,pair_created_at,pool_age_days,vol_tvl_24h,buy_sell_ratio_24h,labels,passed_filter,discovery_source,inverse_connector,csv_avg_liquidity_7d,csv_avg_vol_7d,csv_days_seen,lp_exit_signal,fee_tier_bps,fee_read_method,lp_type,dynamic_fee,est_fees_24h_usd,est_fees_per_tvl_24h,vol_7d_usd,fees_7d_usd,tvl_avg_7d_usd,data_days,seven_day_source
2026-10-08,base,uniswap,doginme/WETH,0xADE9BcD4b968EE26Bed102dd43A55f6A8c2416df,doginme,0x6921B130D297cc43754afba22e5EAc0FBf8Db75b,WETH,7.31e-05,1282733.01,4943166.0,4943166.0,20741.13,1506.79,0.0,1684,1058,-2.57,1707089717000,976.32,0.0162,1.592,v3,True,trending_meta,False,1334022.02,40161.87,8,False,100.0,fee(),CL/V3,False,207.41,0.000162,312271.12,3122.71,1345805.53,8,uniswap
2026-10-08,base,uniswap,SKI/WETH,0x6d6391B9bD02Eefa00FA711fB1Cb828A6471d283,SKI,0x768BE13e1680b5ebE0024C42c896E3dB59ec0149,WETH,0.003048,593855.72,3048890.0,3048845.0,22445.3,3401.46,0.0,40,41,-5.07,1712667481000,911.76,0.0378,0.976,v2,True,trending_meta,False,612923.79,20314.15,8,False,30.0,getReserves.v2,V2,False,67.34,0.000113,,,,,
2026-10-08,base,aerodrome,Basecat/WETH,0xfbA22a6B7629a2FEC052CC2a6Eddd2C9D6Da5eA5,Basecat,0xB2000000000000000000004c27f6523082f41D01,WETH,0.01252,57568.24,12527846.0,12527846.0,317195.72,122568.67,1678.15,689,786,4.24,,,5.5099,0.877,,True,trending_meta,False,65264.27,403245.48,8,False,80.0,fee(),CL/V3,False,2537.57,0.044079,,,,,
2026-10-08,base,uniswap,TOSHI/WETH,0x4b0Aaf3EBb163dd45F663b38b6d93f6093EBC2d3,TOSHI,0xAC1Bd2486aAf3B5C0fc3Fd868558b082a531B2B4,WETH,0.0001135,1117510.26,47772423.0,47772423.0,32905.47,3147.47,1038.13,44,99,-2.04,1699314201000,1066.31,0.0294,0.444,v3,True,trending_meta,False,1189839.98,30255.6,8,False,100.0,fee(),CL/V3,False,329.05,0.000294,176973.7,1769.74,1566872.89,8,uniswap
2026-10-08,base,uniswap,KEYCAT/WETH,0x377FeeeD4820B3B28D1ab429509e7A0789824fCA,KEYCAT,0x9a26F5433671751C3276a065f57e5a02D2817973,WETH,0.0006061,853436.75,6061791.0,6061791.0,42730.62,11733.47,1865.13,108,169,0.64,1711420803000,926.19,0.0501,0.639,v2,True,trending_meta,False,879475.08,74822.85,8,False,30.0,getReserves.v2,V2,False,128.19,0.00015,,,,,
2026-10-08,base,aerodrome,VIRTUAL/WETH,0x21594b992F68495dD28d605834b58889d0a727c7,VIRTUAL,0x0b3e328455c4059EEb9e3f84b5543F74E24e7E1b,WETH,0.7586,4416296.94,499496545.0,758668419.0,242251.29,23119.15,30.97,723,550,-3.29,1711899559000,920.65,0.0549,1.315,,True,trending_meta,False,4609064.64,142510.4,8,False,30.0,getReserves.v2,V2,False,726.75,0.000165,,,,,
2026-10-08,base,uniswap,DRB/WETH,0x5116773e18A9C7bB03EBB961b38678E45E238923,DRB,0x3ec2156D4c0A9CBdAB4a016633b7BcF6a8d68Ea2,WETH,0.0001963,1556349.96,19379442.0,19379442.0,285193.05,58222.71,527.72,3874,4806,-3.43,1741341537000,579.88,0.1832,0.806,v3,True,trending_meta,False,1672678.96,314183.66,8,False,100.0,fee(),CL/V3,False,2851.93,0.001832,2397096.61,23970.97,1751824.12,8,uniswap
2026-10-08,base,uniswap,BNKR/WETH,0xAEC085E5A5CE8d96A7bDd3eB3A62445d4f6CE703,BNKR,0x22aF33FE49fD1Fa80c7149773dDe5890D3c76F3b,WETH,0.0003645,2380168.09,35188595.0,35188595.0,46855.24,32.09,4.9,169,331,-4.02,1733201093000,674.1,0.0197,0.511,v3,True,trending_meta,False,2584362.73,70718.97,8,False,100.0,fee(),CL/V3,False,468.55,0.000197,488110.74,4881.11,2648361.47,8,uniswap
2026-10-08,base,uniswap,AIXBT/VIRTUAL,0x7464850CC1cFb54A2223229b77B1BCA2f888D946,AIXBT,0x4F9Fd6Be4a90f2620860d680c0d4d5Fb53d1A825,VIRTUAL,0.02042,941178.73,20323778.0,20323778.0,2022.67,1779.49,600.58,32,3,-3.32,1730525195000,705.07,0.0021,10.667,v2,True,trending_meta,False,1017662.45,10710.35,8,False,30.0,getReserves.v2,V2,False,6.07,6e-06,,,,,
2026-10-08,base,aerodrome,POD/USDC,0x48C5D4a6677ED59646A9C6465db2562bE4a20AEC,POD,0xeD664536023d8E4b1640C394777D34aBAFF1dF8F,USDC,0.6156,416236.27,51406539.0,307825048.0,186012.02,85748.84,1595.06,158,210,-11.14,,,0.4469,0.752,,True,trending_meta,False,444406.6,935810.01,8,False,105.0,fee(),CL/V3,False,1953.13,0.004692,,,,,
2026-10-08,base,aerodrome,REI/WETH,0x34E3334E845d101205394e0Bd8821fDdc7Cd5559,REI,0x6B2504A03ca4D43d0D73776F6aD46dAb2F2a4cFD,WETH,0.01389,1672653.05,13899058.0,13899056.0,242401.88,29596.44,13528.66,238,152,-3.98,,,0.1449,1.566,,True,trending_meta,False,1759032.9,117489.75,8,False,100.0,fee(),CL/V3,False,2424.02,0.001449,,,,,
2026-10-08,base,aerodrome,SERV/WETH,0x3416f5Fa0adE2D3de6935d4B204d9fe0b68C0eA6,SERV,0x5576D6ed9181F2225afF5282Ac0ED29f755437Ea,WETH,0.02052,821647.63,15803725.0,1915308.0,16094.7,1144.59,237.0,34,22,-1.14,,,0.0196,1.545,,True,trending_meta,False,912839.72,52513.07,8,False,150.0,fee(),CL/V3,False,241.42,0.000294,,,,,
2026-10-08,base,uniswap,DEGEN/WETH,0x0cA6485b7e9cF814A3Fd09d81672B07323535b64,DEGEN,0x4ed4E862860beD51a9570b96d89aF5E1B0Efefed,WETH,0.001004,815997.05,36210742.0,36210518.0,4539.59,1255.95,472.74,36,81,-0.64,1705088299000,999.48,0.0056,0.444,v3,True,trending_meta,False,858525.24,4431.49,8,False,100.0,fee(),CL/V3,False,45.4,5.6e-05,30470.3,304.7,419031.67,8,uniswap
2026-10-08,base,aerodrome,LAPTOP/USDC,0x99cf3E8bfB02c300312c53Aac5D0B082e3D5975C,LAPTOP,0xB095274743941e953c746F9C228DA9c18Bb6ec29,USDC,0.08333,1097046.0,29377285.0,81881367.0,645568.81,47478.89,5153.86,1029,1188,12.03,,,0.5885,0.866,,True,trending_meta,False,1185979.53,220686.02,8,False,80.1,fee(),CL/V3,False,5171.01,0.004714,,,,,
2026-10-08,base,uniswap,BRETT/WETH,0xBA3F945812a83471d709BCe9C3CA699A19FB46f7,BRETT,0x532f27101965dd16442E59d40670FaF5eBB142E4,WETH,0.005373,1241286.82,53247477.0,53247477.0,25195.03,2844.56,0.0,77,85,-3.05,1709041137000,953.73,0.0203,0.906,v3,True,trending_meta,False,1312072.32,24893.37,8,False,100.0,fee(),CL/V3,False,251.95,0.000203,179393.94,1793.94,1296523.09,8,uniswap
2026-10-08,base,uniswap,Basecat/WETH,0xf79478d5a6baE4546F7e489e80b2fC690B558944,Basecat,0xB2000000000000000000004c27f6523082f41D01,WETH,0.01253,81413.29,12530714.0,12530714.0,110446.55,52396.71,1265.84,410,391,4.55,1786828109000,53.42,1.3566,1.049,v3,True,search,False,82629.51,181422.9,8,False,100.0,fee(),CL/V3,False,1104.47,0.013566,1311608.86,13116.09,204402.24,8,uniswap
2026-10-08,base,aerodrome,cbXRP/WETH,0xB90fe999Be6869AF0aFC557DCCfBE169EA3403D6,cbXRP,0xcb585250f852C6c6bf90434AB21A00f02833a4af,WETH,1.4,649792.31,195261654.0,195261654.0,2178352.43,663088.8,59856.96,1484,1590,-4.96,,,3.3524,0.933,,True,search,False,717467.08,1833385.21,8,False,5.0,fee(),CL/V3,False,1089.18,0.001676,,,,,
2026-10-08,base,sushiswap,TYBG/WETH,0xF65BB528cED09008603509c3fDa43e1cCfdDF935,TYBG,0x0d97F261b1e88845184f678e2d1e7a98D9FD38dE,WETH,8.013e-06,178635.77,985260.0,985062.0,7099.66,155.91,14.46,92,149,-10.66,1703124757000,1022.21,0.0397,0.617,,False,search,False,205714.45,6346.73,8,False,30.0,getReserves.v2,V2,False,21.3,0.000119,,,,,
2026-10-08,base,uniswap,PEPE/WETH,0x0FB597D6cFE5bE0d5258A7f017599C2A4Ece34c7,PEPE,0x52b492a33E447Cdb854c7FC19F1e57E8BfA1777D,WETH,5.763e-09,325292.98,2344606.0,2344606.0,5352.47,44.41,0.0,37,45,-4.64,1723143983000,790.5,0.0165,0.822,v3,True,search,False,349495.72,5895.58,8,False,100.0,fee(),CL/V3,False,53.52,0.000165,38458.48,384.58,251305.23,8,uniswap
2026-10-08,base,alien-base,ALB/WETH,0xbcd27A437eBe92555Cee6b5bBeDdAC639a1b6fcB,ALB,0x1dd2d631c92b1aCdFCDd51A0F7145A50130050C4,WETH,0.00474,210608.46,1192173.0,2289200.0,4821.31,1283.84,16.48,43,29,1.17,1703568289000,1017.08,0.0229,1.483,V3,True,search,False,219301.31,6557.82,8,False,100.0,fee(),CL/V3,False,48.21,0.000229,,,,,
2026-10-08,base,uniswap,BENJI/WETH,0x16905890A1D02b6F824387419319Bf4188B961b0,BENJI,0xBC45647eA894030a4E9801Ec03479739FA2485F0,WETH,0.001319,337474.82,1319215.0,1319215.0,4099.5,404.73,98.06,36,17,0.38,1711225521000,928.45,0.0121,2.118,v2,True,search,False,354084.09,5552.85,8,False,30.0,getReserves.v2,V2,False,12.3,3.6e-05,,,,,
2026-10-08,base,uniswap,HOME/WETH,0xcfa6173616804aa9974bf7a648149a98b5ce64251f3ed0b9852dd3dc0d8caa24,HOME,0xB9A1E52f3ED678B01Ff5e256fDe43f26f9C01bA3,WETH,3.535e-05,488050.74,3535872.0,3535872.0,10313.76,4761.57,0.0,40,73,-0.01,1788426843000,34.92,0.0211,0.548,v4,True,search,False,516015.41,4863.26,8,False,0.0,v4.getSlot0,V4,False,0.0,0.0,,,,,
2026-10-08,base,aerodrome,cbBTC/WETH,0x7C7420DD105E2779316423Ba3E973f434315EFA9,cbBTC,0xcbB7C0000aB88B473b1f5aFd9ef808440eed33Bf,WETH,82870.66,2262864.5,3900600133.0,3913195350.0,63794150.55,17195845.33,2363140.17,13257,13082,-1.55,,,28.1918,1.013,,True,search,False,2229034.58,58709896.87,8,False,0.85,fee(),CL/V3,False,5422.5,0.002396,,,,,
2026-10-08,base,uniswap,BTCB/WETH,0x39a72B1292AAED73B9B5633e14f88fE9a89F400b,BTCB,0x0c41F1FC9022FEB69aF6dc666aBfE73C9FFDA7ce,WETH,0.06716,276649.35,1049280.0,1049280.0,1235.75,364.41,0.0,29,23,-1.31,1716689447000,865.21,0.0045,1.261,v2,True,search,False,288636.32,1405.58,8,False,30.0,getReserves.v2,V2,False,3.71,1.3e-05,,,,,
2026-10-08,base,aerodrome,cbADA/WETH,0xb862F23ba38c8C65e256782B31E8C08C9aefd612,cbADA,0xcbADA732173e39521CDBE8bf59a6Dc85A9fc7b8c,WETH,0.2527,93021.68,740626.0,14490630.0,125750.92,47842.32,4781.66,308,311,-1.74,,,1.3518,0.99,,False,search,False,88912.35,133563.61,8,False,25.0,fee(),CL/V3,False,314.38,0.00338,1020792.64,3062.38,322855.79,8,aerodrome
2026-10-08,base,aerodrome,cbLTC/WETH,0x200681425b0C8D78C6a467512C5D49FA56BaC88A,cbLTC,0xcb17C9Db87B595717C857a08468793f5bAb6445F,WETH,64.22,150838.08,5541573.0,5541573.0,212045.56,130573.3,1210.17,328,413,-5.0,,,1.4058,0.794,,True,search,False,135400.1,99051.45,8,False,25.0,fee(),CL/V3,False,530.11,0.003514,761206.43,2283.62,322021.81,8,aerodrome
2026-10-08,base,uniswap,cbZEC/WETH,0x00278697f1264852eF465b6CAC9183639db22AA7,cbZEC,0xB2000000000000000000008501b13360000cb2EC,WETH,1245.77,108278.64,7923344.0,7923344.0,58606.25,35638.68,41.93,98,151,-4.77,1789081161000,27.34,0.5413,0.649,v3,True,search,False,113478.21,45066.98,8,False,100.0,fee(),CL/V3,False,586.06,0.005413,295254.55,2952.55,69771.19,8,uniswap
2026-10-06,base,aerodrome,cbDOGE/WETH,0xfb338cb462c9e44cAE9f442fEb09e8E904fFed47,cbDOGE,0xcbD06E5A2B0C65597161de254AA074E489dEb510,WETH,0.0958,63447.97,12506348.0,12506348.0,5846.32,0.0,0.0,19,14,-0.38,,,0.0921,1.357,,True,search,False,74000.88,17404.72,5,False,100.0,fee(),CL/V3,False,58.46,0.000921,101270.31,1012.7,158249.11,8,aerodrome
2026-10-08,base,quickswap,PEPE/WETH,0x4e7b4B8F4AAE334Bd5b6c8e00f030A84610198A1,PEPE,0x52b492a33E447Cdb854c7FC19F1e57E8BfA1777D,WETH,5.807e-09,89970.61,2443366.0,2443366.0,1438.44,0.02,0.02,9,14,-1.21,1755024501000,421.52,0.016,0.643,v4,True,search,False,95846.54,1524.23,8,False,5.0,globalState.lastFee,CLAMM,True,0.72,8e-06,,,,,
2026-10-08,base,pancakeswap,cbXRP/WETH,0x170b6bFc071426aaB7C81AE12383219facBb6B6A,cbXRP,0xcb585250f852C6c6bf90434AB21A00f02833a4af,WETH,1.4,67748.73,195764138.0,195764138.0,145257.26,33574.61,2474.69,1058,981,-4.73,1749172815000,489.24,2.1441,1.078,,True,search,False,69495.06,131410.18,8,False,5.0,fee(),CL/V3,False,72.63,0.001072,,,,,
2026-10-08,base,pancakeswap,cbBTC/WETH,0xC211e1f853A898Bd1302385CCdE55f33a8C4B3f3,cbBTC,0xcbB7C0000aB88B473b1f5aFd9ef808440eed33Bf,WETH,83035.72,5730184.83,3908369224.0,3920989528.0,29711574.56,8137584.72,969044.61,8962,8771,-1.41,1726209947000,755.02,5.1851,1.022,,True,search,False,6005640.29,33795598.96,6,False,1.0,fee(),CL/V3,False,2971.16,0.000519,,,,,
2026-10-08,base,aerodrome,TYBG/WETH,0x20000FbfeDFD172821821C9c59284129B04ffB2e,TYBG,0x0d97F261b1e88845184f678e2d1e7a98D9FD38dE,WETH,8.037e-06,60990.07,988213.0,988015.0,1469.66,51.4,2.4,8,39,-9.48,1705154085000,998.72,0.0241,0.205,,False,search,False,69295.91,1253.07,8,False,30.0,getReserves.v2,V2,False,4.41,7.2e-05,,,,,
2026-10-08,base,aerodrome,cbXRP/WETH,0xA6da283cf7D06b2279626E787c329d6aCF7e2994,cbXRP,0xcb585250f852C6c6bf90434AB21A00f02833a4af,WETH,1.4,66332.11,195145957.0,195145957.0,7927.49,4304.3,111.75,102,113,-4.85,,,0.1195,0.903,,True,search,False,70108.29,5144.81,8,False,25.0,fee(),CL/V3,False,19.82,0.000299,37450.24,374.5,388507.42,8,aerodrome
2026-10-08,base,aerodrome,cbETH/WETH,0x47cA96Ea59C13F72745928887f84C9F52C3D7348,cbETH,0x2Ae3F1Ec7F1F5012CFEab0185bfc7aa3cf0DEc22,WETH,2927.065,2358302.34,484638532.0,231687476.0,3557368.96,1625292.8,972634.38,1756,1681,-2.01,,,1.5084,1.045,,True,subgraph,False,2331343.8,2336293.74,8,False,0.6,fee(),CL/V3,False,213.44,9.1e-05,18154838.5,1815.48,2755815.08,8,aerodrome
2026-10-08,base,uniswap,BSTONK/USDC,0xc9786476d2492eb8ddb2ebf8b4b69e227e1f31397c790d877541ab0ed5cf5ee2,BSTONK,0x0F61Edbfe6Cd86024C0f210c0695B08df55fdfc9,USDC,0.002024,124135.8,1778979.0,1778952.0,88577.87,8698.64,285.6,434,207,9.62,1786928795000,52.25,0.7136,2.097,v4,True,search,False,118365.1,60333.26,8,False,30.0,v4.getSlot0,V4,False,265.73,0.002141,,,,,
2026-10-08,base,uniswap,Basecat/USDC,0x22906596Bd81F53f01d700DdBdB3935baC2E1446,Basecat,0xB2000000000000000000004c27f6523082f41D01,USDC,0.01253,104006.78,12530992.0,12530992.0,97884.18,27173.53,1047.27,1077,980,4.06,1787437269000,46.37,0.9411,1.099,v3,True,search,False,123371.37,276140.03,8,False,30.0,fee(),CL/V3,False,293.65,0.002823,1867790.16,5603.37,89359.59,8,uniswap
2026-10-08,base,aerodrome,cbZEC/USDC,0x0Fc47C17AF86078d809358db1b4db2DeBC988566,cbZEC,0xB2000000000000000000008501b13360000cb2EC,USDC,1241.12,241227.83,7893794.0,7893794.0,2265271.45,811492.5,114927.11,1740,1352,-6.37,,,9.3906,1.287,,True,search,False,795920.8,2085830.89,8,True,20.0,fee(),CL/V3,False,4530.54,0.018781,,,,,
2026-10-08,base,aerodrome,cbHYPE/USDC,0xD5Eaea9da564217EA101D1E369fDA168A3025686,cbHYPE,0xB200000000000000000000451d033a5000cb479e,USDC,87.097,82697.04,2796780.0,2796780.0,713058.91,230846.84,35057.23,656,957,-4.36,,,8.6225,0.685,,True,search,False,178497.05,399587.83,8,True,20.0,fee(),CL/V3,False,1426.12,0.017245,,,,,
2026-10-08,base,uniswap,Basecat/USDC,0x8930762cccc36040f25fc29db58a8ec22e872a347260d992f39666a3cdce7e5a,Basecat,0xB2000000000000000000004c27f6523082f41D01,USDC,0.01255,102055.2,12559929.0,12559929.0,46580.49,20722.4,0.0,271,332,4.63,1786928185000,52.26,0.4564,0.816,v4,True,search,False,79265.82,75818.13,8,False,90.0,v4.getSlot0,V4,False,419.22,0.004108,,,,,
2026-10-08,base,uniswap,Baseforever Token/USDC,0x0ef3c117D6369a382bC24C05C9F2bae598b0208D,Baseforever Token,0x2bdfFbD8bBaF20E511A73B8689312BFeC5098aE9,USDC,0.02536,191060.62,62987042.0,62989699.0,5372.17,1359.1,25.04,4,42,-0.98,1761402889000,347.69,0.0281,0.095,v2,True,search,False,196654.18,6099.48,8,False,30.0,getReserves.v2,V2,False,16.12,8.4e-05,,,,,
2026-10-08,base,uniswap,cbXRP/USDC,0x3733cbB1402C788900A0A152e61c9aA31888FB95,cbXRP,0xcb585250f852C6c6bf90434AB21A00f02833a4af,USDC,1.39,94698.19,194648655.0,194648655.0,8003.27,4289.54,0.0,34,106,-4.44,1750751107000,470.98,0.0845,0.321,v3,True,search,False,98815.61,4730.37,8,False,100.0,fee(),CL/V3,False,80.03,0.000845,29613.74,296.14,58100.32,8,uniswap
2026-10-08,base,uniswap,cbZEC/USDC,0xe4a1407210e5edfd381e6343fbf8daff3daa0ecbfa9121e3118898baa0601200,cbZEC,0xB2000000000000000000008501b13360000cb2EC,USDC,1246.67,79524.4,7929055.0,7929055.0,3264.92,1612.66,0.0,20,65,-5.85,1788334787000,35.98,0.0411,0.308,v4,True,search,False,82549.59,3786.14,8,False,100.0,v4.getSlot0,V4,False,32.65,0.000411,,,,,
2026-10-08,base,aerodrome,cbBTC/USDC,0x160D7E9d948B16c163332a277b393c288408eb12,cbBTC,0xcbB7C0000aB88B473b1f5aFd9ef808440eed33Bf,USDC,82976.092,6101614.21,3905562480.0,3918173721.0,60325572.92,15554596.85,2330062.1,8120,8079,-1.47,,,9.8868,1.005,,True,search,False,5484718.7,34334989.47,8,False,2.04,fee(),CL/V3,False,12306.42,0.002017,,,,,
2026-10-08,base,uniswap,cbHYPE/USDC,0x1a32b8afc1a99b750b79d2908ad41e41b5d1cea1f9fef5d0575e271934b4c944,cbHYPE,0xB200000000000000000000451d033a5000cb479e,USDC,87.83,51883.63,2820413.0,2820413.0,426.86,54.01,0.54,0,17,-3.12,1788850395000,30.01,0.0082,0.0,v4,True,search,False,52546.66,675.69,8,False,100.0,v4.getSlot0,V4,False,4.27,8.2e-05,,,,,
2026-10-08,base,pancakeswap,cbBTC/USDC,0xb94b22332ABf5f89877A14Cc88f2aBC48c34B3Df,cbBTC,0xcbB7C0000aB88B473b1f5aFd9ef808440eed33Bf,USDC,82964.99,1733600.16,3905039963.0,3917649517.0,8858902.95,2451798.39,316829.0,10139,9040,-1.47,1726210063000,755.02,5.1101,1.122,,True,search,False,1759227.7,9055769.94,8,False,1.0,fee(),CL/V3,False,885.89,0.000511,,,,,
2026-10-08,base,uniswap,tBTC/USDC,0xb24f7fcd75c3a001b74be4c60f181c024154c4d7c33097777e3950979042b073,tBTC,0x236aa50979D5f3De3Bd1Eeb40E81137F22ab794b,USDC,82685.23,964709.01,343384466.0,4176702.0,188462.01,81784.64,1261.16,65,211,-1.61,1739610813000,599.92,0.1954,0.308,v4,True,search,False,815951.43,243752.02,8,False,30.0,v4.getSlot0,V4,False,565.39,0.000586,,,,,
2026-10-08,base,aerodrome,alUSDb/USDC,0x32d6Ec4400fBdd4085ce1e1664C48F8D21c4f9aa,alUSDb,0x877014E21c32feA108B6A1f45f367efc9a2d9B9F,USDC,0.9903,2129065.95,1847219.0,1847219.0,1853.82,209.07,128.33,11,3,0.12,1788699649000,31.76,0.0009,3.667,,True,search,False,1913296.88,3866.54,8,False,30.0,getReserves.v2,V2,False,5.56,3e-06,,,,,
2026-10-08,base,uniswap,cbBTC/USDC,0xfBB6Eed8e7aa03B138556eeDaF5D271A5E1e43ef,cbBTC,0xcbB7C0000aB88B473b1f5aFd9ef808440eed33Bf,USDC,82966.82,9252858.61,3905126199.0,3917736031.0,10735845.15,3445008.56,522071.21,3621,3114,-1.46,1726315447000,753.8,1.1603,1.163,v3,True,search,False,8850390.36,8956315.59,8,False,5.0,fee(),CL/V3,False,5367.92,0.00058,59651692.72,29825.85,9354703.96,8,uniswap
2026-10-08,base,aerodrome,cbBTC/USDC,0x4e962BB3889Bf030368F56810A9c96B83CB3E778,cbBTC,0xcbB7C0000aB88B473b1f5aFd9ef808440eed33Bf,USDC,82958.58,5976840.1,3904738434.0,3917347014.0,11356584.61,3775541.95,520583.34,2732,2635,-1.49,,,1.9001,1.037,,True,search,False,5823598.64,10207545.3,8,False,5.2,fee(),CL/V3,False,5905.42,0.000988,68990417.71,34495.21,25288011.97,8,aerodrome
2026-10-08,base,aerodrome,cbBTC/USDC,0x3e66e55e97ce60096f74b7C475e8249f2D31a9fb,cbBTC,0xcbB7C0000aB88B473b1f5aFd9ef808440eed33Bf,USDC,82978.16,7274565.09,3905659848.0,3918271403.0,6703012.08,2184710.89,314982.89,3349,3221,-1.47,,,0.9214,1.04,,True,subgraph,False,7382004.16,6270079.04,8,False,3.5,fee(),CL/V3,False,2346.05,0.000323,42397885.79,423978.86,9069289.89,8,aerodrome
2026-10-01,base,aerodrome,cbBTC/USDC,0x9D14ff91AE2c6e3D1A760542248B6c7F206894b0,cbBTC,0xcbB7C0000aB88B473b1f5aFd9ef808440eed33Bf,USDC,84089.74,189063.24,8075964145.0,3937848713.0,1607227.62,358345.46,47720.17,3716,3428,1.31,,,8.501,1.084,,True,search,False,189063.24,1607227.62,1,False,1.81,fee(),CL/V3,False,290.91,0.001539,,,,,
2026-10-08,base,aerodrome,AERO/cbBTC,0xdFe5F275020def30993f042174Fc2D335678b626,AERO,0x940181a94A35A4569E4529A3CDfB74e38FD98631,cbBTC,0.7761,2133703.57,1550412122.0,1550412122.0,10371505.43,3225903.42,464866.5,2524,2821,-2.37,,,4.8608,0.895,,True,search,False,2168095.18,8839330.59,8,False,7.5,fee(),CL/V3,False,7778.63,0.003646,64380720.9,193142.16,5824616.3,8,aerodrome
2026-10-08,base,aerodrome,SOL/cbBTC,0xCcfA472815563ff9eB2de95C7b2bE1Ccf91f7F31,SOL,0x311935Cd80B76769bF2ecC9D8Ab7635b2139cf82,cbBTC,114.85,551907.61,28592451.0,28671237.0,7541686.11,2143445.91,375169.59,2848,2689,-3.41,,,13.6648,1.059,,True,search,False,460763.71,5789010.59,8,False,3.0,fee(),CL/V3,False,2262.51,0.004099,,,,,
2026-10-08,base,aerodrome,EDGE/cbBTC,0x594b83709464A83F37aC77E69DDD447a8A33c0EE,EDGE,0xED6E000dEF95780fb89734c07EE2ce9F6dcAf110,cbBTC,0.107,670355.39,28998303.0,107056773.0,125732.62,44045.3,3527.99,139,410,-17.45,1743598843000,553.76,0.1876,0.339,,True,search,False,705112.55,125505.64,8,False,30.0,getReserves.v2,V2,False,377.2,0.000563,,,,,
2026-10-08,base,aerodrome,ZEN/cbBTC,0x47f9e291bb766Fc307Ad7BBa4f29f3Eab6A97101,ZEN,0xf43eB8De897Fbc7F2502483B2Bef7Bb9EA179229,cbBTC,6.59,1552333.0,138562024.0,138562024.0,571748.35,144837.29,37659.74,1164,1366,-2.43,,,0.3683,0.852,,True,search,False,1648001.86,493235.44,8,False,25.0,fee(),CL/V3,False,1429.37,0.000921,0.0,0.0,2395144.14,8,aerodrome
2026-10-08,base,aerodrome,UP/cbBTC,0x37e1490f7f6F98d263f826E1244C7E7f128632F2,UP,0x5b2193fDc451C1f847bE09CA9d13A4Bf60f8c86B,cbBTC,0.06897,558035.79,9603086.0,16598322.0,132227.82,20038.04,2592.31,260,494,-2.09,,,0.237,0.526,,True,search,False,565115.24,106338.45,8,False,100.0,fee(),CL/V3,False,1322.28,0.00237,,,,,
2026-10-08,base,pancakeswap,SOL/cbBTC,0x8Df6dd38D718bD726374521c2DcFE90Eb9CB7d43,SOL,0x311935Cd80B76769bF2ecC9D8Ab7635b2139cf82,cbBTC,115.38,525893.75,28723852.0,28802999.0,837481.96,226732.75,31466.78,801,827,-2.95,1780076661000,131.56,1.5925,0.969,,True,search,False,531691.1,799131.91,8,False,5.0,fee(),CL/V3,False,418.74,0.000796,,,,,
2026-10-08,base,aerodrome,MAMO/cbBTC,0xE2B3aA806e56603a244bFc111c9474F7DeDD03db,MAMO,0x7300B37DfdfAb110d83290A29DfB31B1740219fE,cbBTC,0.007921,387770.23,4794438.0,7921344.0,257533.84,168783.04,84400.75,1217,669,2.86,,,0.6641,1.819,,True,search,False,388912.87,121720.19,8,False,25.0,fee(),CL/V3,False,643.83,0.00166,0.0,0.0,709556.26,8,aerodrome
2026-10-08,base,aerodrome,AERO/cbBTC,0xCDBe19a6EF1B633BE744920C93eE40521d5cf2A6,AERO,0x940181a94A35A4569E4529A3CDfB74e38FD98631,cbBTC,0.7767,933592.63,1551748053.0,1551748053.0,656054.75,212967.04,15950.99,625,603,-2.2,,,0.7027,1.036,,True,search,False,612895.71,547217.31,8,False,30.0,fee(),CL/V3,False,1968.16,0.002108,,,,,
2026-10-08,base,aerodrome,cbADA/cbBTC,0x8782d97C8b25B4d17dBFbaa03f25dC18e51e909D,cbADA,0xcbADA732173e39521CDBE8bf59a6Dc85A9fc7b8c,cbBTC,0.2521,217884.01,738804.0,14454986.0,262292.76,92754.04,13793.07,310,337,-2.13,,,1.2038,0.92,,False,search,False,156465.52,378469.64,8,False,25.0,fee(),CL/V3,False,655.73,0.00301,0.0,0.0,608311.07,8,aerodrome
2026-10-05,base,uniswap,VVV/cbBTC,0x36d7043ec113e9926b8f98392544a1b00b027556269bd35e2945403c69806f97,VVV,0xacfE6019Ed1A7Dc6f7B508C02d1b04ec88cC21bf,cbBTC,29.72,92416.52,1446113040.0,2411026898.0,60562.32,11278.91,3400.11,358,365,6.89,1772181109000,219.95,0.6553,0.981,v4,True,search,False,106877.98,56924.93,4,False,30.0,v4.getSlot0,V4,False,181.69,0.001966,,,,,
2026-10-08,base,aerodrome,cbXRP/cbBTC,0x62916B911F2B64d0e3A3b72472D6f8C08c75DcAA,cbXRP,0xcb585250f852C6c6bf90434AB21A00f02833a4af,cbBTC,1.4,359163.18,195755358.0,195755358.0,308288.95,167145.83,3369.48,257,302,-4.61,,,0.8584,0.851,,True,search,False,382087.26,201006.21,8,False,20.0,fee(),CL/V3,False,616.58,0.001717,,,,,
2026-10-08,base,aerodrome,cbLTC/cbBTC,0x6044c817e55A03DAdc5F6b8B7045aF1985aE90fA,cbLTC,0xcb17C9Db87B595717C857a08468793f5bAb6445F,cbBTC,64.25,243243.34,5544145.0,5544145.0,368245.58,188691.33,3846.01,335,338,-4.81,,,1.5139,0.991,,True,search,False,239484.85,280880.54,6,False,25.0,fee(),CL/V3,False,920.61,0.003785,0.0,0.0,416354.27,8,aerodrome
2026-10-08,base,aerodrome,MENTE/cbBTC,0x74C2249714Ca41F1c6e6C74294AC48a6B8b48019,MENTE,0x4CD9a847f39106E19A4E41Aea8a232E915C82aF5,cbBTC,0.0178,120501.76,17801124.0,17801124.0,8599.5,1813.65,310.36,89,93,-0.23,,,0.0714,0.957,,True,search,False,120454.35,6633.33,5,False,5.0,fee(),CL/V3,False,4.3,3.6e-05,,,,,
2026-10-08,base,aerodrome,AERO/USDC,0xa4FDd479eda160671636e2eCF8f993Cbf86258a8,AERO,0x940181a94A35A4569E4529A3CDfB74e38FD98631,USDC,0.7797,785238.41,1557728512.0,1557728512.0,1095327.18,352079.01,50498.83,3806,4943,-2.02,,,1.3949,0.77,,True,subgraph,False,804711.99,1059805.9,8,False,5.0,fee(),CL/V3,False,547.66,0.000697,7523073.8,3761.54,908798.81,8,aerodrome
2026-10-08,base,aerodrome,uXRP/WETH,0x61C6e9E93592e535Efc1BEE07f491A517e98f6d0,uXRP,0x2615a94df961278DcbC41Fb0a54fEc5f10a693aE,WETH,1.4,49414.62,2393276.0,2393276.0,8254.56,2255.35,0.0,41,117,-4.27,,,0.167,0.35,,False,subgraph,False,52561.04,6927.99,8,False,30.0,fee(),CL/V3,False,24.76,0.000501,49754.04,149.26,459090.55,8,aerodrome
2026-10-08,base,aerodrome,SPX/WETH,0x4BA1e3E9280facbAcaFA7baF4aE0b78Bea60beCa,SPX,0x50dA645f148798F68EF2d7dB7C1CB22A6819bb2C,WETH,0.3838,85481.24,357379286.0,10021503.0,19253.25,2502.68,150.38,155,137,-5.18,,,0.2252,1.131,,True,subgraph,False,95098.71,27284.51,8,False,25.0,fee(),CL/V3,False,48.13,0.000563,188226.92,564.68,1120395.8,8,aerodrome
2026-10-08,base,aerodrome,PEAS/USDC,0xb0a65b3A6F9DA0e5EB057e0D5327DEDDbe17309E,PEAS,0x02f92800F57BCD74066F5709F1Daa1A4302Df875,USDC,2.03,63568.42,20309076.0,784196.0,584.12,155.97,0.0,14,24,-1.01,,,0.0092,0.583,,True,subgraph,False,63826.57,2910.9,8,False,30.0,fee(),CL/V3,False,1.75,2.8e-05,17512.92,52.54,97088.4,8,aerodrome
2026-10-08,base,aerodrome,ZEN/WETH,0x0392B12a1cEb0cd13af5Ea448CF5586EA609852D,ZEN,0xf43eB8De897Fbc7F2502483B2Bef7Bb9EA179229,WETH,6.6,2801859.89,138740621.0,138740621.0,2369939.82,606136.44,98052.55,3524,3810,-2.34,,,0.8458,0.925,,True,subgraph,False,2699486.21,1610697.81,8,False,15.0,fee(),CL/V3,False,3554.91,0.001269,10919309.58,5459.65,4106465.02,8,aerodrome
2026-10-08,base,aerodrome,AVNT/USDC,0xe30d5BF485F7476AC15884a28ffb3C9cEA635DCB,AVNT,0x696F9436B67233384889472Cd7cD58A6fB5DF4f1,USDC,0.1265,737794.26,25940774.0,125944122.0,267721.46,124104.61,16420.62,1100,1242,1.4,,,0.3629,0.886,,True,subgraph,False,742945.66,192842.74,8,False,27.0,fee(),CL/V3,False,722.85,0.00098,1435645.48,143.56,1092250.18,8,aerodrome
2026-10-08,base,aerodrome,msETH/WETH,0x74F72788F4814D7fF3C49B44684aa98Eee140C0E,msETH,0x7Ba6F01772924a82D9626c126347A28299E98c98,WETH,2268.78,2031934.72,21394176.0,21394176.0,867785.52,145643.29,9052.94,368,285,-2.0,,,0.4271,1.291,,True,subgraph,False,1931793.66,1034538.84,8,False,5.0,fee(),CL/V3,False,433.89,0.000214,6882859.61,3441.43,2769942.64,8,aerodrome
2026-10-08,base,aerodrome,VIRTUAL/WETH,0x3f0296BF652e19bca772EC3dF08b32732F93014A,VIRTUAL,0x0b3e328455c4059EEb9e3f84b5543F74E24e7E1b,WETH,0.7609,358557.16,501010840.0,760968429.0,2153521.24,578045.16,97858.57,5843,5647,-3.78,,,6.0061,1.035,,True,subgraph,False,372183.67,2731919.43,8,False,1.0,fee(),CL/V3,False,215.35,0.000601,18716034.73,9358.02,2025749.97,8,aerodrome
2026-10-08,base,aerodrome,ZORA/USDC,0x3f53f1Fd5b7723DDf38D93a584D280B9b94C3111,ZORA,0x1111111111166b7FE7bd91427724B487980aFc69,USDC,0.007181,78200.83,71813553.0,71813553.0,221940.88,80443.41,6948.21,863,819,-0.91,,,2.8381,1.054,,True,subgraph,False,76230.26,197638.78,8,False,25.0,fee(),CL/V3,False,554.85,0.007095,1362662.7,681.33,1873932.46,8,aerodrome
2026-10-08,base,aerodrome,VIRTUAL/WETH,0xC200F21EfE67c7F41B81A854c26F9cdA80593065,VIRTUAL,0x0b3e328455c4059EEb9e3f84b5543F74E24e7E1b,WETH,0.7609,498957.32,500998223.0,760949266.0,1198192.49,315261.59,49538.14,2127,2271,-3.73,,,2.4014,0.937,,True,subgraph,False,504115.64,2020111.76,8,False,6.0,fee(),CL/V3,False,718.92,0.001441,13987997.67,41963.99,7614528.57,8,aerodrome
2026-10-08,base,aerodrome,WETH/USDC,0xb2cc224c1c9feE385f8ad6a55b4d94E92359DC59,WETH,0x4200000000000000000000000000000000000006,USDC,2567.74,8529638.18,724810356.0,692351302.0,45029670.33,13727245.02,1894233.3,6349,6631,-1.91,,,5.2792,0.957,,True,subgraph,False,8548367.13,54478060.45,8,False,6.24,fee(),CL/V3,False,28098.51,0.003294,370809808.54,185404.9,76034577.49,8,aerodrome
2026-10-08,base,aerodrome,SYRUP/WETH,0x7432aaB631B801a10BEF7d70c1507a32755595fa,SYRUP,0x688AEe022AA544f150678B8E5720b6b96a9E9a2F,WETH,0.2328,69891.23,987771.0,987771.0,52781.44,16373.23,2312.17,335,325,-3.79,,,0.7552,1.031,,False,subgraph,False,62256.65,84360.66,8,False,27.0,fee(),CL/V3,False,142.51,0.002039,604291.65,302.15,159935.45,8,aerodrome
2026-10-08,base,aerodrome,EURC/USDC,0xE846373C1a92B167b4E9cd5d8E4d6B1Db9E90EC7,EURC,0x60a3E35Cc302bFA44Cb288Bc5a4F316Fdb1adb42,USDC,1.11,1522123.24,478738631.0,59154772.0,3982587.68,639534.61,202435.71,1772,1632,-0.3,,,2.6165,1.086,,True,subgraph,False,1432721.74,3692155.35,8,False,0.79,fee(),CL/V3,False,314.62,0.000207,26275113.22,13137.56,2218623.94,8,aerodrome
2026-10-08,base,aerodrome,CX/WETH,0x9249F441005947831eaAF9135B319AD97BCD6Bdf,CX,0x000000000000012DeF132E61759048bE5b5C6033,WETH,0.03512,420381.48,6315034.0,529697.0,95576.13,22964.2,2904.84,135,117,-2.97,,,0.2274,1.154,,True,subgraph,False,410571.69,102602.33,8,False,30.0,fee(),CL/V3,False,286.73,0.000682,797817.97,2393.45,414357.62,8,aerodrome
2026-10-08,base,aerodrome,AERO/USDC,0xBE00fF35AF70E8415D0eB605a286D8A45466A4c1,AERO,0x940181a94A35A4569E4529A3CDfB74e38FD98631,USDC,0.7773,5944912.22,1552781018.0,1552781018.0,636209.89,191694.2,14801.06,161,240,-1.68,,,0.107,0.671,,True,subgraph,False,4084586.65,639738.14,8,False,100.0,fee(),CL/V3,False,6362.1,0.00107,4409369.42,44093.69,8528545.43,8,aerodrome
2026-10-08,base,aerodrome,ZCHF/USDC,0x80891885537e20E240987385490017Fc03D9d7Ed,ZCHF,0xD4dD9e2F021BB459D5A5f6c24C12fE09c5D45553,USDC,1.2,1460573.02,11496624.0,1616186.0,8080.92,0.0,0.0,4,11,0.03,,,0.0055,0.364,,True,subgraph,False,1459959.87,33515.09,8,False,5.0,fee(),CL/V3,False,4.04,3e-06,271830.16,2718.3,1083355.94,7,aerodrome
2026-10-08,base,aerodrome,SIGN/WETH,0x8A7b72F8ff5299E493317D4430293894107af859,SIGN,0x868FCEd65edBF0056c4163515dD840e9f287A4c3,WETH,0.01226,81091.39,34860266.0,15266578.0,4862.61,1010.57,298.96,151,102,2.94,,,0.06,1.48,,True,subgraph,False,84037.42,4665.75,8,False,27.0,fee(),CL/V3,False,13.13,0.000162,34990.99,104.97,223885.16,8,aerodrome
2026-10-08,base,aerodrome,AERO/WETH,0x82321f3BEB69f503380D6B233857d5C43562e2D0,AERO,0x940181a94A35A4569E4529A3CDfB74e38FD98631,WETH,0.7767,1116169.5,1551697932.0,1551697932.0,1631730.17,469537.4,44510.49,789,826,-2.27,,,1.4619,0.955,,True,subgraph,False,1106964.35,1521076.43,8,False,30.6,fee(),CL/V3,False,4993.09,0.004473,10745989.25,32237.97,11118030.16,8,aerodrome
2026-10-08,base,aerodrome,msUSD/USDC,0x7501bc8Bb51616F79bfA524E464fb7B41f0B10fB,msUSD,0x526728DBc96689597F85ae4cd716d4f7fCcBAE9d,USDC,0.8848,2013457.52,16848041.0,16848041.0,960048.39,145482.72,11021.94,286,477,-0.03,,,0.4768,0.6,,True,subgraph,False,1719428.21,1006985.88,8,False,5.0,fee(),CL/V3,False,480.02,0.000238,6628730.31,3314.37,2631781.2,8,aerodrome
2026-10-08,base,aerodrome,tBTC/WETH,0xA33f162da19C7273BA1205BFD9D4340dA2446E3a,tBTC,0x236aa50979D5f3De3Bd1Eeb40E81137F22ab794b,WETH,82496.32,274049.68,342599963.0,4167160.0,23252.3,3061.42,0.0,46,115,-1.68,,,0.0848,0.4,,True,subgraph,False,288783.0,16703.79,8,False,30.0,fee(),CL/V3,False,69.76,0.000255,115519.33,346.56,970292.8,8,aerodrome
2026-10-08,base,aerodrome,AAVE/WETH,0x4a79B0168296c0eF7b8F314973B82aD406a29f1B,AAVE,0x63706e401c06ac8513145b7687A14804d17f814b,WETH,172.01,1667664.65,2655078786.0,4996816.0,800603.99,246995.16,23293.11,443,410,-2.0,,,0.4801,1.08,,True,subgraph,False,1713999.57,1072379.69,8,False,30.0,fee(),CL/V3,False,2401.81,0.00144,8288873.22,24866.62,2861065.62,8,aerodrome
2026-10-08,base,aerodrome,tBTC/USDC,0xf81e1a62cBfA487E807044618661bFD4802B4982,tBTC,0x236aa50979D5f3De3Bd1Eeb40E81137F22ab794b,USDC,82719.6,400428.01,343527233.0,4178439.0,42539.62,13820.38,161.84,61,141,-1.58,,,0.1062,0.433,,True,subgraph,False,441823.95,40243.38,8,False,30.0,fee(),CL/V3,False,127.62,0.000319,281863.53,845.59,1160554.88,8,aerodrome
2026-10-08,base,aerodrome,VELVET/USDC,0x6b0F53cbD9272D8117e9535FE25371dedF39a1bE,VELVET,0xbF927b841994731C573BDF09ceB0c6B0Aa887cDd,USDC,0.07228,1126726.63,33525287.0,963877.0,606936.06,105502.86,20271.0,6198,6446,2.97,,,0.5387,0.962,,True,subgraph,False,1102110.24,1080867.22,8,False,1.0,fee(),CL/V3,False,60.69,5.4e-05,8733531.1,873.35,1164538.63,8,aerodrome
2026-10-08,base,aerodrome,BIO/WETH,0x222cCBE78890A4d9Ef8d22d7FC1B968Be0F2c653,BIO,0x226A2FA2556C48245E57cd1cbA4C6c9e67077DD2,WETH,0.02926,252371.92,62764017.0,5405094.0,126571.53,40943.3,4259.1,767,722,0.33,,,0.5015,1.062,,True,subgraph,False,258302.2,140645.28,8,False,25.0,fee(),CL/V3,False,316.43,0.001254,1076774.54,538.39,519639.96,8,aerodrome
2026-10-08,base,aerodrome,BIO/USDC,0xd40BffA9C9E35493B88a2b6744C49D8716b00898,BIO,0x226A2FA2556C48245E57cd1cbA4C6c9e67077DD2,USDC,0.02927,394748.66,62799379.0,5408139.0,72737.58,29418.08,2555.78,612,717,0.42,,,0.1843,0.854,,True,subgraph,False,367974.39,84521.58,8,False,30.0,fee(),CL/V3,False,218.21,0.000553,608849.61,1826.55,472872.82,8,aerodrome
2026-10-08,base,aerodrome,SEDA/WETH,0x681D6e4B0b020656cA04956dDAf76aDd7EF022F6,SEDA,0x306aCd0c07c430AbBBb2e74Ef7bdE94F32A898c0,WETH,0.01783,213943.97,13725624.0,639382.0,5017.91,546.5,2.13,28,50,-7.86,,,0.0235,0.56,,True,subgraph,False,232010.7,4925.48,8,False,35.0,fee(),CL/V3,False,17.56,8.2e-05,33245.67,99.74,286954.48,8,aerodrome
2026-10-08,base,aerodrome,MORPHO/WETH,0xB5F0b4aE66C14F7EFaA9aA1468E8FC536A3E288c,MORPHO,0xBAa5CC21fd487B8Fcc2F632f3F4E8D37262a0842,WETH,2.53,2205455.98,283705775.0,66396912.0,1570503.74,484484.35,183384.83,1351,1262,-1.65,,,0.7121,1.071,,True,subgraph,False,2027886.84,1815789.32,8,False,27.0,fee(),CL/V3,False,4240.36,0.001923,13177069.93,39531.21,4407957.52,8,aerodrome
2026-10-08,base,aerodrome,B3/WETH,0xB099C658e784b41EE435d48a8eb67e8f27285C93,B3,0xB3B32F9f8827D4634fE7d973Fa1034Ec9fdDB3B3,WETH,0.0007148,783344.14,15221532.0,71487174.0,304410.95,37976.84,5429.33,636,478,-6.09,,,0.3886,1.331,,True,subgraph,False,836837.92,365014.64,8,False,30.03,fee(),CL/V3,False,914.15,0.001167,2753255.2,1376.63,1603005.45,8,aerodrome
2026-10-08,base,aerodrome,eUSD/USDC,0x988702fe529a3461ec7Fd09Eea3f962856709FD9,eUSD,0xCfA3Ef56d303AE4fAabA0592388F19d7C3399FB4,USDC,0.9992,681110.08,17746428.0,17746428.0,20035.57,2643.93,216.76,43,101,0.0,,,0.0294,0.426,,True,subgraph,False,705947.85,483749.5,8,False,1.0,fee(),CL/V3,False,2.0,3e-06,3855310.27,385.53,723662.38,8,aerodrome
2026-10-08,base,aerodrome,MAMO/USDC,0x678F431DA2aBb9B5726bbf5CCDbaEEBB60dA9813,MAMO,0x7300B37DfdfAb110d83290A29DfB31B1740219fE,USDC,0.007947,102772.38,4810466.0,7947827.0,120423.02,91917.7,50318.61,536,420,3.34,,,1.1717,1.276,,True,subgraph,False,102799.01,61579.86,8,False,28.0,fee(),CL/V3,False,337.18,0.003281,412021.75,1236.07,223881.01,8,aerodrome
2026-10-08,base,aerodrome,weETH/WETH,0xbD3cd0D9d429b41F0a2e1C026552Bd598294d5E0,weETH,0x04C0599Ae5A44757c0af6F9eC3b93da8976c150A,WETH,2834.68,990302.7,6519764.0,54020016.0,206202.65,117540.09,546.2,156,78,-1.99,,,0.2082,2.0,,True,subgraph,False,989119.74,346862.83,8,False,0.85,fee(),CL/V3,False,17.53,1.8e-05,2701875.17,270.19,1020384.44,8,aerodrome
2026-10-08,base,aerodrome,cbBTC/WETH,0x70aCDF2Ad0bf2402C957154f944c19Ef4e1cbAE1,cbBTC,0xcbB7C0000aB88B473b1f5aFd9ef808440eed33Bf,WETH,82640.86,16846380.08,3889783648.0,3902343938.0,2761480.64,341464.64,133.65,325,506,-1.82,,,0.1639,0.642,,True,subgraph,False,16636621.16,1998305.74,8,False,25.0,fee(),CL/V3,False,6903.7,0.00041,14038167.06,7019.08,41747821.79,8,aerodrome
2026-10-08,base,aerodrome,bAP3X/USDC,0x5b8bF0cD0Fa5BF970EBe558d7551a668dadF3570,bAP3X,0x9208d82F121806A34a39bB90733b4C5c54F3993e,USDC,0.02642,59426.47,48575579.0,487175.0,949.24,289.82,0.0,7,6,1.84,,,0.016,1.167,,True,subgraph,False,55975.48,1344.63,8,False,80.0,fee(),CL/V3,False,7.59,0.000128,9438.61,4.72,125290.2,8,aerodrome
2026-10-08,base,aerodrome,LCAP/USDC,0xC8C15670050541255f9b797C008047682524861F,LCAP,0x4dA9A0f397dB1397902070f93a4D6ddBC0E0E6e8,USDC,7.16,169825.96,5100672.0,5105290.0,24237.45,7562.08,0.0,47,72,-2.07,,,0.1427,0.653,,True,subgraph,False,173698.32,28246.64,8,False,30.0,fee(),CL/V3,False,72.71,0.000428,186389.74,559.17,239771.42,8,aerodrome
2026-10-08,base,aerodrome,wstETH/AERO,0x565aecF84b5d30a6E79a5CEf3f0dA0Fc4280dEBC,wstETH,0xc1CBa3fCea344f92D9239c08C0568f6F2F0ee452,AERO,3188.23,194832.48,94403811.0,94403811.0,13986.13,3740.49,1061.18,58,99,-2.43,,,0.0718,0.586,,True,subgraph,False,204346.67,23469.76,8,False,100.0,fee(),CL/V3,False,139.86,0.000718,176241.81,528.73,1287794.46,8,aerodrome
2026-10-08,base,aerodrome,ZRO/WETH,0xA4463789e8F3c6A599B3dFB608DDe55513Bcf289,ZRO,0x6985884C4392D348587B19cb9eAAf157F13271cd,WETH,2.12,56204.52,848319253.0,12907617.0,23393.37,8553.44,616.93,918,936,-4.13,,,0.4162,0.981,,True,subgraph,False,54321.2,29078.39,8,False,15.0,fee(),CL/V3,False,35.09,0.000624,216227.57,108.11,921442.61,8,aerodrome
2026-10-08,base,aerodrome,CARV/USDC,0xff862675c47B6a2C9072DCBe2f37a78A445c4f37,CARV,0xc08Cd26474722cE93F4D0c34D16201461c10AA8C,USDC,0.04389,258418.63,5486923.0,24946063.0,69693.4,14415.28,1278.97,2232,1330,-2.73,,,0.2697,1.678,,True,subgraph,False,260766.76,94080.47,8,False,2.8,fee(),CL/V3,False,19.51,7.6e-05,739597.67,369.8,304605.6,8,aerodrome
2026-10-08,base,aerodrome,USDC/USDbC,0x98c7A2338336d2d354663246F64676009c7bDa97,USDC,0x833589fCD6eDb6E08f4c7C32D4f71b54bdA02913,USDbC,0.9998,143070.38,74130355158.0,4383452560.0,443187.24,151871.36,9590.1,165,240,-0.03,,,3.0977,0.688,,True,subgraph,False,144101.27,134129.64,8,False,1.0,fee(),CL/V3,False,44.32,0.00031,949744.84,94.97,199889.14,8,aerodrome
2026-10-08,base,aerodrome,DIEM/USDC,0xBc3231036Ee1ECa03E5F67FEceDC640D21610823,DIEM,0xF4d97F2da56e8c3098f3a8D538DB630A2606a024,USDC,1791.8,561632.84,65700405.0,65708099.0,469695.11,168682.74,5695.45,487,760,-6.88,,,0.8363,0.641,,True,subgraph,False,405327.43,423963.53,8,False,27.0,fee(),CL/V3,False,1268.18,0.002258,2934536.41,1467.27,848511.89,8,aerodrome
2026-10-08,base,aerodrome,DRV/WETH,0xA0e2bac96aB51c92d3284781AeE1EEc817F6F9C2,DRV,0x9d0E8f5b25384C7310CB8C6aE32C8fbeb645d083,WETH,0.358,120116.96,197759136.0,71158522.0,7658.2,1144.14,189.3,110,177,-9.82,,,0.0638,0.621,,True,subgraph,False,128986.31,5594.86,8,False,80.0,fee(),CL/V3,False,61.27,0.00051,43409.61,130.23,1298962.57,8,aerodrome
2026-10-08,base,aerodrome,AVNT/USDC,0xc4ed25e61cBdE561c982789f740E3e9A8C317100,AVNT,0x696F9436B67233384889472Cd7cD58A6fB5DF4f1,USDC,0.1265,56235.76,25941997.0,125950060.0,175490.11,80720.91,10519.74,760,907,1.4,,,3.1206,0.838,,True,subgraph,False,68947.03,111319.33,8,False,27.0,fee(),CL/V3,False,473.82,0.008426,848712.7,2546.14,1619210.89,8,aerodrome
2026-10-08,base,aerodrome,ORDER/WETH,0x27bd426eC343845995c527d634c4E07f0608AaCd,ORDER,0x4E200fE2f3eFb977d5fd9c430A41531FB04d97B8,WETH,0.036,89697.73,14750339.0,150067.0,3737.81,153.12,0.0,45,38,-1.67,,,0.0417,1.184,,True,subgraph,False,95332.08,1084.75,8,False,30.0,fee(),CL/V3,False,11.21,0.000125,8101.74,24.31,162258.76,8,aerodrome
2026-10-08,base,aerodrome,bsdETH/WETH,0x2ae9DF02539887d4EbcE0230168a302d34784c82,bsdETH,0xCb327b99fF831bF8223cCEd12B1338FF3aA322Ff,WETH,2801.2,1914770.47,1984191.0,1984191.0,110596.65,2.92,1.05,19,5,-0.99,,,0.0578,3.8,,True,subgraph,False,1712619.04,724680.82,8,False,1.0,fee(),CL/V3,False,11.06,6e-06,4804533.21,480.45,1861691.5,8,aerodrome
2026-10-08,base,aerodrome,PENDLE/WETH,0x016df91005F30039c9f1A89b44db5e8c60613603,PENDLE,0xA99F6e6785Da0F5d6fB42495Fe424BCE029Eeb3E,WETH,2.25,211241.72,1263308.0,1263308.0,62569.89,11484.62,3101.38,443,369,0.75,,,0.2962,1.201,,True,subgraph,False,221784.07,57821.84,8,False,15.0,fee(),CL/V3,False,93.85,0.000444,419365.93,209.68,398967.45,8,aerodrome
2026-10-08,base,aerodrome,VVV/WETH,0x46D398A5b33709877f50c8918A7eE96F1Be1d7dd,VVV,0xacfE6019Ed1A7Dc6f7B508C02d1b04ec88cC21bf,WETH,24.9,574211.87,1210304388.0,2019620629.0,121923.93,18643.46,0.01,48,111,-6.95,,,0.2123,0.432,,True,subgraph,False,591379.89,229779.95,8,False,80.0,fee(),CL/V3,False,975.39,0.001699,1688490.43,5065.47,4184040.91,8,aerodrome
2026-10-08,base,aerodrome,EURC/USDC,0xc5E51044eB7318950B1aFb044FccFb25782C48c1,EURC,0x60a3E35Cc302bFA44Cb288Bc5a4F316Fdb1adb42,USDC,1.11,160935.09,478739018.0,59154820.0,1069481.29,227266.66,109087.11,881,941,-0.3,,,6.6454,0.936,,True,subgraph,False,169902.91,1335914.29,8,False,0.79,fee(),CL/V3,False,84.49,0.000525,9172362.35,917.24,607593.21,8,aerodrome
2026-10-08,base,aerodrome,USDT/USDC,0xa41Bc0AFfbA7Fd420d186b84899d7ab2aC57fcD1,USDT,0xfde4C96c8593536E31F229EA8f37b2ADa2699bb2,USDC,0.9992,1082433.78,27107560.0,27107560.0,11478893.55,2497705.78,375176.09,8824,9195,0.0,,,10.6047,0.96,,True,subgraph,False,1088963.61,14085998.68,8,False,0.08,fee(),CL/V3,False,91.83,8.5e-05,97811463.38,9781.15,1241821.53,8,aerodrome
2026-10-08,base,aerodrome,XSGD/WETH,0xfEbEeBAa6C9585Fd97aa9157E3B7aACe804b688C,XSGD,0x0A4C9cb2778aB3302996A34BeFCF9a8Bc288C33b,WETH,0.7802,218892.15,3698992.0,3698992.0,106618.65,33512.82,5751.84,671,657,-0.13,,,0.4871,1.021,,True,subgraph,False,218727.59,41788.74,8,False,5.0,fee(),CL/V3,False,53.31,0.000244,282304.4,141.15,246482.5,8,aerodrome
2026-10-08,base,aerodrome,cbBTC/WETH,0x22AEe3699b6A0fEd71490C103Bd4E5f3309891D5,cbBTC,0xcbB7C0000aB88B473b1f5aFd9ef808440eed33Bf,WETH,82883.7,178035.46,3901213904.0,3913811104.0,1743301.26,321730.26,38937.94,4579,4499,-1.59,,,9.7919,1.018,,True,subgraph,False,183040.69,506242.54,8,False,0.85,fee(),CL/V3,False,148.18,0.000832,3757256.19,375.73,515717.22,8,aerodrome
2026-10-08,base,aerodrome,BRETT/WETH,0x4e829F8A5213c42535AB84AA40BD4aDCCE9cBa02,BRETT,0x532f27101965dd16442E59d40670FaF5eBB142E4,WETH,0.00534,816559.28,52923196.0,52923196.0,255108.11,53953.66,6214.55,534,629,-3.42,,,0.3124,0.849,,True,subgraph,False,882926.69,258327.79,8,False,21.05,fee(),CL/V3,False,537.0,0.000658,1840093.99,5520.28,3753092.85,8,aerodrome
2026-10-08,base,aerodrome,PLAY/USDC,0xF2c832B6999f0246eD504c69AC1bFB97de0B8d50,PLAY,0x853a7c99227499DbA9dB8C3A02aA691aFDeBf841,USDC,0.02541,117050.63,9493980.0,101675825.0,21245.36,8443.57,639.33,138,242,-7.64,,,0.1815,0.57,,True,subgraph,False,124639.93,10421.91,8,False,30.0,fee(),CL/V3,False,63.74,0.000545,74897.42,224.69,125294.05,8,aerodrome
2026-10-08,base,aerodrome,WETH/USDC,0xdbc6998296caA1652A810dc8D3BaF4A8294330f1,WETH,0x4200000000000000000000000000000000000006,USDC,2568.038,134151.26,724892987.0,692430233.0,82270.11,21691.45,5374.81,2738,2853,-1.9,,,0.6133,0.96,,True,subgraph,False,140655.51,94325.32,8,False,0.8,fee(),CL/V3,False,6.58,4.9e-05,665674.35,66.57,732554.03,8,aerodrome
2026-10-08,base,aerodrome,AVAIL/USDC,0xFf0df9b15C29542fa5d7eFe169452507b4d648C2,AVAIL,0xd89d90d26B48940FA8F58385Fe84625d468E057a,USDC,0.00264,75149.64,10674239.0,92514.0,5593.95,41.11,0.05,130,183,0.41,,,0.0744,0.71,,True,subgraph,False,74468.51,4862.06,8,False,30.0,fee(),CL/V3,False,16.78,0.000223,23634.15,70.9,158907.31,8,aerodrome
2026-10-08,base,aerodrome,FLOCK/USDC,0xd7338B6F338DA54b922bbBC6fBE3EFEDD5Ce35fa,FLOCK,0x5aB3D4c385B400F3aBB49e80DE2fAF6a88A7B691,USDC,0.05885,525830.06,7580272.0,28481183.0,243837.87,39809.83,1291.35,511,652,-5.48,,,0.4637,0.784,,True,subgraph,False,566243.06,304785.59,8,False,25.0,fee(),CL/V3,False,609.59,0.001159,2006210.34,1003.11,787895.93,8,aerodrome
2026-10-08,base,aerodrome,CLANKER/WETH,0xd23FE2DB317e1A96454a2D1c7e8fc0DbF19BB000,CLANKER,0x1bc0c42215582d5A085795f4baDbaC3ff36d1Bcb,WETH,13.41,94712.98,13227254.0,13227254.0,49149.39,8392.15,767.18,246,329,-3.27,,,0.5189,0.748,,True,subgraph,False,101044.75,53517.08,8,False,26.0,fee(),CL/V3,False,127.79,0.001349,418389.04,1255.17,1370018.01,8,aerodrome
2026-10-08,base,aerodrome,TIBBIR/WETH,0x0f664afFB82f074937D5cFCD61b97F3F32d5dC50,TIBBIR,0xA4A2E2ca3fBfE21aed83471D28b6f65A233C6e00,WETH,0.2406,155487.11,146643385.0,146378054.0,142858.97,5853.06,1114.42,830,585,-6.84,,,0.9188,1.419,,True,subgraph,False,164467.98,265530.23,8,False,25.0,fee(),CL/V3,False,357.15,0.002297,1498240.74,4494.72,1282193.26,8,aerodrome
2026-10-08,base,aerodrome,KTA/WETH,0x46D710c35BdfB800a18A820712310048Ef8B5256,KTA,0xc0634090F2Fe6c6d75e61Be2b949464aBB498973,WETH,0.06608,48656.3,40580692.0,66088658.0,19992.22,6958.17,848.53,190,193,-0.71,,,0.4109,0.984,,False,subgraph,False,50424.03,29119.25,8,False,25.02,fee(),CL/V3,False,50.02,0.001028,189143.1,567.43,817619.52,8,aerodrome
2026-10-08,base,aerodrome,CARV/USDC,0x4b241E7E1Ba2D76c888aaACb6F099b42F57Aec2b,CARV,0xc08Cd26474722cE93F4D0c34D16201461c10AA8C,USDC,0.04386,101645.01,5483194.0,24929112.0,44964.98,9021.45,996.27,805,423,-2.99,,,0.4424,1.903,,True,subgraph,False,103720.92,114617.85,8,False,30.0,fee(),CL/V3,False,134.89,0.001327,903287.66,2709.86,153976.88,8,aerodrome
2026-10-08,base,aerodrome,LMTS/USDC,0xa5E0Da329eE5AA03f09228e534953496334080f5,LMTS,0x9EadbE35F3Ee3bF3e28180070C429298a1b02F93,USDC,0.04079,350251.99,5368390.0,40793642.0,6171.96,991.03,0.0,17,45,-2.62,,,0.0176,0.378,,True,subgraph,False,356524.82,13312.2,8,False,100.0,fee(),CL/V3,False,61.72,0.000176,85404.6,42.7,996285.98,8,aerodrome
2026-10-08,base,aerodrome,superOETHb/WETH,0x6446021F4E396dA3df4235C62537431372195D38,superOETHb,0xDBFeFD2e8460a6Ee4955A68582F85708BAEA60A3,WETH,2551.84,5358368.6,35929054.0,35708550.0,2295.44,112.53,19.54,47,36,-2.37,,,0.0004,1.306,,True,subgraph,False,5600260.56,3920.71,8,False,4.0,fee(),CL/V3,False,0.92,0.0,22779.95,2.28,5682308.8,8,aerodrome
2026-10-08,base,aerodrome,CADC/USDC,0x09Da4832d34BeBBB55783340d5bede7A70F5c48e,CADC,0x043eB4B75d0805c43D7C834902E335621983Cf03,USDC,0.6951,90158.39,1053208.0,1053208.0,65240.24,2589.17,372.75,34,70,-0.23,,,0.7236,0.486,,True,subgraph,False,109339.2,58341.26,8,False,15.0,fee(),CL/V3,False,97.86,0.001085,437607.17,4376.07,197243.6,8,aerodrome
2026-10-08,base,aerodrome,USDT/WETH,0x9785eF59E2b499fB741674ecf6fAF912Df7b3C1b,USDT,0xfde4C96c8593536E31F229EA8f37b2ADa2699bb2,WETH,0.998,2234160.34,27075968.0,27075968.0,8372588.44,2337812.01,382848.59,5830,5903,-0.08,,,3.7475,0.988,,True,subgraph,False,2390465.14,7187750.64,8,False,4.21,fee(),CL/V3,False,3524.86,0.001578,50488889.11,25244.44,3531044.33,8,aerodrome
2026-10-08,base,aerodrome,ENA/WETH,0xc422BFB18F9FC217f955d759D3753F31137cCEFd,ENA,0x58538e6A46E07434d7E7375Bc268D3cb839C0133,WETH,0.2191,68029.56,3294262.0,3294262.0,143554.28,34089.68,2361.94,540,647,-7.84,,,2.1102,0.835,,True,subgraph,False,65093.96,97054.46,8,False,25.0,fee(),CL/V3,False,358.89,0.005275,717836.39,2153.51,111813.57,8,aerodrome
2026-10-08,base,aerodrome,LCAP/WETH,0x3a88eF38879EFb900c2D7b6199d21C139cEf5Fa7,LCAP,0x4dA9A0f397dB1397902070f93a4D6ddBC0E0E6e8,WETH,7.17,569027.08,5106453.0,5111077.0,52053.92,15790.6,2.69,129,84,-1.76,,,0.0915,1.536,,True,subgraph,False,593974.47,42045.28,8,False,30.0,fee(),CL/V3,False,156.16,0.000274,291999.79,876.0,666642.37,8,aerodrome
2026-10-08,base,aerodrome,VVV/WETH,0x7eC6C9D993D9832Aa654593f2Dbc21303650Bc6c,VVV,0xacfE6019Ed1A7Dc6f7B508C02d1b04ec88cC21bf,WETH,24.87,2754686.09,1208815261.0,2017135740.0,1356114.04,264462.54,33170.24,779,1216,-7.78,,,0.4923,0.641,,True,subgraph,False,2981131.08,2114710.55,8,False,27.18,fee(),CL/V3,False,3685.92,0.001338,14844941.73,7422.47,15029406.85,8,aerodrome
2026-10-08,base,aerodrome,uSOL/WETH,0x0225Ba893D5f8Ecd6d2022f9dEC59b34F61098A1,uSOL,0x9B8Df6E244526ab5F6e6400d331DB28C8fdDdb55,WETH,114.61,1097623.38,2470333.0,2470333.0,432883.2,92905.58,0.0,298,341,-3.17,,,0.3944,0.874,,True,subgraph,False,1122386.94,421558.18,8,False,15.0,fee(),CL/V3,False,649.32,0.000592,2944388.48,8833.17,1991435.63,8,aerodrome
2026-10-08,base,aerodrome,LINK/WETH,0x72bE417AFB0aBEa66913141C605D313BB389b59C,LINK,0x88Fb150BDc53A65fe94Dea0c9BA0a6dAf8C6e196,WETH,13.14,419013.43,9835804846.0,2604941.0,124250.26,46339.36,987.11,192,321,-4.4,,,0.2965,0.598,,True,subgraph,False,419116.11,165388.64,8,False,25.0,fee(),CL/V3,False,310.63,0.000741,1181549.82,590.77,635753.48,8,aerodrome
2026-10-08,base,aerodrome,ANY/WETH,0x4e6a3F08B1266cff9C52DBE5Cc4e7fF48f8bb055,ANY,0xC17dda248E2D50fC006d8fEbb5A406dd31972712,WETH,0.03184,131322.8,1942521.0,31844600.0,0.03,0.0,0.0,0,1,0.0,,,0.0,0.0,,True,subgraph,False,136796.77,22.03,8,False,5.0,fee(),CL/V3,False,0.0,0.0,176.28,0.09,152197.12,7,aerodrome
2026-10-08,base,aerodrome,wstETH/WETH,0x861A2922bE165a5Bd41b1E482B49216b465e1B5F,wstETH,0xc1CBa3fCea344f92D9239c08C0568f6F2F0ee452,WETH,3196.77,4016839.1,94656591.0,94656591.0,185201.35,23460.14,910.19,309,167,-1.95,,,0.0461,1.85,,True,subgraph,False,3962319.06,1957759.2,8,False,0.9,fee(),CL/V3,False,16.67,4e-06,12687870.82,1268.79,4406193.44,8,aerodrome
2026-10-08,base,aerodrome,TIG/USDC,0x3F5E98C7ebfF35056ab4346BCcd722A537c1aEfA,TIG,0x0C03Ce270B4826Ec62e7DD007f0B716068639F7B,USDC,0.932,280798.13,20107545.0,47217160.0,108277.63,12874.41,839.57,155,176,6.0,,,0.3856,0.881,,True,subgraph,False,275229.57,76298.13,8,False,27.0,fee(),CL/V3,False,292.35,0.001041,516027.15,1548.08,448277.51,8,aerodrome
2026-10-08,base,aerodrome,XSGD/USDC,0x892A6AB3fa0f1F839fCb0Ae264a8c4bbfb030725,XSGD,0x0A4C9cb2778aB3302996A34BeFCF9a8Bc288C33b,USDC,0.7808,459223.62,3701554.0,3701554.0,136024.59,67775.73,4533.53,350,479,-0.09,,,0.2962,0.731,,True,subgraph,False,455560.83,190580.98,8,False,3.0,fee(),CL/V3,False,40.81,8.9e-05,1404593.2,140.46,471775.79,8,aerodrome
2026-10-08,base,aerodrome,AERO/USDC,0xCCd9cC53b63662088c738B8BC06E9078Fb8D9ad4,AERO,0x940181a94A35A4569E4529A3CDfB74e38FD98631,USDC,0.7776,181165.69,1553376745.0,1553376745.0,256148.31,68744.57,7694.55,646,917,-2.26,,,1.4139,0.704,,True,subgraph,False,182901.16,203139.46,8,False,30.0,fee(),CL/V3,False,768.44,0.004242,1481261.73,4443.79,260779.01,8,aerodrome
2026-10-08,base,aerodrome,BNKR/WETH,0xCDD442e2De893c07146B2F1072f8e077559f9aa4,BNKR,0x22aF33FE49fD1Fa80c7149773dDe5890D3c76F3b,WETH,0.0003618,130739.29,34931019.0,34931019.0,259914.6,34574.97,16018.16,964,548,-4.12,,,1.988,1.759,,True,subgraph,False,149166.73,294071.38,8,False,26.78,fee(),CL/V3,False,696.05,0.005324,2114947.77,6344.84,1467552.81,8,aerodrome
2026-10-08,base,aerodrome,superOETHb/USDC,0x295e0F68384aC506b0C033592Eef9674da5e4f99,superOETHb,0xDBFeFD2e8460a6Ee4955A68582F85708BAEA60A3,USDC,2560.84,19614.06,36055724.0,35834443.0,249.32,53.17,5.1,9,19,-1.77,1727188591000,743.69,0.0127,0.474,,True,inverse_connector,True,20039.5,212.71,8,False,30.0,getReserves.v2,V2,False,0.75,3.8e-05,,,,,
2026-10-08,base,aerodrome,superOETHb/cbBTC,0x4d9199269D4F89a367965e90d07D6F4AF7750eD0,superOETHb,0xDBFeFD2e8460a6Ee4955A68582F85708BAEA60A3,cbBTC,2567.13,4310.59,36144347.0,35922521.0,819.42,96.17,14.52,27,28,-1.9,,,0.1901,0.964,,True,inverse_connector,True,4361.79,598.63,8,False,5.0,fee(),CL/V3,False,0.41,9.5e-05,0.0,0.0,17081.28,8,aerodrome
2026-10-08,base,pancakeswap,VIRTUAL/USDC,0x209ad47C0B6Fb0094538B16Cd5ca92CF7D63e3a9,VIRTUAL,0x0b3e328455c4059EEb9e3f84b5543F74E24e7E1b,USDC,0.7599,2424.65,500364424.0,759986610.0,1487.78,598.35,90.71,84,105,-3.73,1749333705000,487.38,0.6136,0.8,,True,inverse_connector,True,2443.7,1573.59,8,False,25.0,fee(),CL/V3,False,3.72,0.001534,,,,,
2026-10-08,base,uniswap,VIRTUAL/USDC,0xa9991eEaCa10aF662633913106fE4c18EC06E1F8,VIRTUAL,0x0b3e328455c4059EEb9e3f84b5543F74E24e7E1b,USDC,0.7594,2589.83,499992223.0,759421286.0,140.17,53.61,4.77,12,28,-3.0,1729701401000,714.61,0.0541,0.429,v3,True,inverse_connector,True,2735.66,263.26,8,False,100.0,fee(),CL/V3,False,1.4,0.000541,1857.36,18.57,1354.52,8,uniswap
2026-10-08,base,uniswap,wstETH/cbBTC,0xa910c7eb4b19a1995ae5a229fa1ecefc87a4f8d338e3c5fe5b50bd6539e434ba,wstETH,0xc1CBa3fCea344f92D9239c08C0568f6F2F0ee452,cbBTC,3186.34,2619.01,94347716.0,94347716.0,113.48,17.94,0.0,9,8,-1.8,1763160603000,327.35,0.0433,1.125,v4,True,inverse_connector,True,2702.34,71.19,8,False,30.0,v4.getSlot0,V4,False,0.34,0.00013,,,,,
2026-10-04,base,uniswap,VVV/USDC,0x363fe74e05aa32b2cf6fe11e632cae4eabc9238c09d3ca626ef3afd414e2944e,VVV,0xacfE6019Ed1A7Dc6f7B508C02d1b04ec88cC21bf,USDC,28.39,47470.1,1380087651.0,2302368711.0,19509.73,4321.09,3318.64,205,221,3.5,1738343673000,610.66,0.411,0.928,v4,True,inverse_connector,True,46955.47,54038.51,4,False,30.0,v4.getSlot0,V4,False,58.53,0.001233,,,,,
2026-10-08,base,aerodrome,VVV/USDC,0xF8593b97AE3Ddf084Da845cf7dDf591e3d52106d,VVV,0xacfE6019Ed1A7Dc6f7B508C02d1b04ec88cC21bf,USDC,24.9,21860.82,1210216724.0,2019474344.0,14268.15,3259.31,536.49,172,347,-7.6,,,0.6527,0.496,,True,inverse_connector,True,23975.45,31149.12,8,False,27.0,fee(),CL/V3,False,38.52,0.001762,,,,,
2026-10-08,base,hydrex,VVV/USDC,0x02107bAb40bBA06AE979A15f67B5AD3853c5E116,VVV,0xacfE6019Ed1A7Dc6f7B508C02d1b04ec88cC21bf,USDC,24.81,6284.52,1206135593.0,2845496734.0,4887.06,1322.97,37.98,96,203,-7.49,1777319165000,163.48,0.7776,0.473,CLAMM,True,inverse_connector,True,8494.02,11526.74,8,False,5.0,globalState.lastFee,CLAMM,True,2.44,0.000389,,,,,
2026-10-08,base,pancakeswap,VVV/cbBTC,0xa1210D4563a4F8c6fD038A565Ef988aCb834Ce57,VVV,0xacfE6019Ed1A7Dc6f7B508C02d1b04ec88cC21bf,cbBTC,24.82,5519.31,1206655887.0,2013539959.0,811.82,195.29,18.57,102,122,-7.81,1787342831000,47.46,0.1471,0.836,,True,inverse_connector,True,5900.29,1248.34,8,False,5.0,fee(),CL/V3,False,0.41,7.4e-05,,,,,
2026-10-08,base,uniswap,VVV/USDC,0xF85fA96193f411AE7bAA892Dd4AbB7dAceDF9191,VVV,0xacfE6019Ed1A7Dc6f7B508C02d1b04ec88cC21bf,USDC,24.97,2798.48,1213873694.0,2025576687.0,48.93,15.22,0.0,2,25,-6.77,1738000429000,618.55,0.0175,0.08,v3,True,inverse_connector,True,2932.78,127.53,8,False,100.0,fee(),CL/V3,False,0.49,0.000175,969.59,9.7,3852.83,8,uniswap
2026-10-08,base,hydrex,ZEN/USDC,0x415233bF9B9156d4f777d580E67C0a4e398A84C3,ZEN,0xf43eB8De897Fbc7F2502483B2Bef7Bb9EA179229,USDC,6.59,12632.21,138506922.0,138506960.0,7030.88,2408.49,307.31,155,188,-2.16,1777319109000,163.48,0.5566,0.824,CLAMM,True,inverse_connector,True,14019.94,5890.03,8,False,5.0,globalState.lastFee,CLAMM,True,3.52,0.000278,,,,,
2026-10-08,base,uniswap,ZEN/USDC,0x91a6E9dc63cab9e52f29F712D688E845dD01a5fe,ZEN,0xf43eB8De897Fbc7F2502483B2Bef7Bb9EA179229,USDC,6.6,8484.08,138798185.0,138798185.0,850.09,224.87,24.65,70,89,-2.01,1752070783000,455.7,0.1002,0.787,v3,True,inverse_connector,True,8733.12,918.13,8,False,30.0,fee(),CL/V3,False,2.55,0.000301,5342.04,16.03,7984.28,8,uniswap
2026-10-08,base,equalizer,cbETH/cbBTC,0x659908a3353C48aA92f9B0Aeb6D3B473AC091B83,cbETH,0x2Ae3F1Ec7F1F5012CFEab0185bfc7aa3cf0DEc22,cbBTC,2918.76,24571.26,483263924.0,231030328.0,580.34,127.02,17.56,87,68,-2.32,1731573633000,692.94,0.0236,1.279,,True,inverse_connector,True,25476.82,490.53,8,False,30.0,getReserves.v2,V2,False,1.74,7.1e-05,,,,,
2026-10-08,base,uniswap,cbETH/USDC,0xa8E4C55D6dAf4D768aeBa2378c1AD94c112Ef48a,cbETH,0x2Ae3F1Ec7F1F5012CFEab0185bfc7aa3cf0DEc22,USDC,2927.35,3543.75,484687112.0,231710701.0,541.02,37.78,0.23,46,71,-1.89,1717419049000,856.77,0.1527,0.648,v3,True,inverse_connector,True,3356.24,379.46,8,False,30.0,fee(),CL/V3,False,1.62,0.000458,2468.63,7.41,3272.83,8,uniswap
2026-10-08,base,solidlycom,USDT/USDC,0x9AB7730B09EBd9FF2df70F06339Bd289A1680a46,USDT,0xfde4C96c8593536E31F229EA8f37b2ADa2699bb2,USDC,0.9992,33975.42,27107714.0,27107714.0,3515863.48,1451547.21,223043.14,8814,8953,0.0,1718461755000,844.7,103.4826,0.984,,True,inverse_connector,True,28888.17,5101224.6,8,False,,unreadable,,,,,,,,,
2026-10-02,base,uniswap,USDT/USDC,0xe1d05fe2b899df927bc67e5eedaccb95d06bf7c769ed68469bb773615f2401f8,USDT,0xfde4C96c8593536E31F229EA8f37b2ADa2699bb2,USDC,0.999,37493.64,26989354.0,26996115.0,9183381.87,3171024.68,815944.71,18306,18894,-0.01,1746177835000,517.91,244.9317,0.969,v4,True,inverse_connector,True,29517.15,5434891.88,2,False,0.08,v4.getSlot0,V4,False,73.47,0.001959,,,,,
2026-10-08,base,pancakeswap,USDT/USDC,0x5f07bb9fEE6062e9D09A52E6d587c64bAD6bA706,USDT,0xfde4C96c8593536E31F229EA8f37b2ADa2699bb2,USDC,0.9992,39409.69,27109050.0,27109050.0,49117.39,13921.08,231.89,83,61,0.01,1722357677000,799.61,1.2463,1.361,,True,inverse_connector,True,38989.48,27012.92,8,False,1.0,fee(),CL/V3,False,4.91,0.000125,,,,,
2026-10-08,base,uniswap,USDT/USDC,0x813d323bcdb847094316d5957a51e098640c2b349288ead8f8a95c58c218c39e,USDT,0xfde4C96c8593536E31F229EA8f37b2ADa2699bb2,USDC,0.9992,23089.51,27108250.0,27108250.0,981.88,331.58,0.0,5,6,0.01,1747331325000,510.56,0.0425,0.833,v4,True,inverse_connector,True,23094.75,3176.96,8,False,0.01,v4.getSlot0,V4,False,0.0,0.0,,,,,
2026-10-08,base,uniswap,USDT/USDC,0xedbc441668d06aa8bc072732c4f65f9381cde6777a63bbc956adb9266bfac43f,USDT,0xfde4C96c8593536E31F229EA8f37b2ADa2699bb2,USDC,0.9992,21099.19,27108748.0,27108748.0,1.59,0.0,0.0,0,1,0.0,1738232161000,615.87,0.0001,0.0,v4,True,inverse_connector,True,21071.07,86.16,6,False,30.0,v4.getSlot0,V4,False,0.0,0.0,,,,,
2026-10-08,base,baseswap,USDT/USDC,0xe8598ada6b7A1a41f78C54a51cF15Bd2eb79A8e0,USDT,0xfde4C96c8593536E31F229EA8f37b2ADa2699bb2,USDC,0.9991,12799.83,27106652.0,27106652.0,446.49,7.31,0.0,4,5,0.0,1730906765000,700.66,0.0349,0.8,,True,inverse_connector,True,12798.71,5515.64,8,False,0.8,fee(),CL/V3,False,0.04,3e-06,,,,,
2026-10-08,base,uniswap,USDT/USDC,0xB7F084c7f7f1c680d08780e2b2ef4F2133DB0Df8,USDT,0xfde4C96c8593536E31F229EA8f37b2ADa2699bb2,USDC,0.9991,11473.92,27104883.0,27104883.0,9631.72,0.0,0.0,12,2,0.1,1721621631000,808.12,0.8394,6.0,v3,True,inverse_connector,True,11533.47,6947.61,7,False,5.0,fee(),CL/V3,False,4.82,0.00042,47320.38,23.66,11506.96,7,uniswap
2026-10-07,base,uniswap,USDT/USDC,0x7681c00520c26da8d8970c21a65461c726f274068eb08743debc1178e697044e,USDT,0xfde4C96c8593536E31F229EA8f37b2ADa2699bb2,USDC,0.9992,19156.55,27141869.0,27141869.0,3346673.33,2749963.86,1605554.09,4192,3977,0.0,1746455851000,519.69,174.7013,1.054,v4,True,inverse_connector,True,7583.83,553037.34,7,False,0.05,v4.getSlot0,V4,False,16.73,0.000874,,,,,
2026-10-08,base,uniswap,USDT/USDC,0xf2ea2ff082a026f1a939674d78057b52f6d7d5927dea069ae3093dfc7b15c30b,USDT,0xfde4C96c8593536E31F229EA8f37b2ADa2699bb2,USDC,0.999,6881.35,27103984.0,27103984.0,50.59,0.0,0.0,8,4,0.0,1739582149000,600.25,0.0074,2.0,v4,True,inverse_connector,True,7745.61,174.42,8,False,5.0,v4.getSlot0,V4,False,0.03,4e-06,,,,,
2026-10-08,base,uniswap,USDT/USDC,0x841c1a22d9a505cbba3e9bf90fd43e1201a09932ca0a90816579346be5f092af,USDT,0xfde4C96c8593536E31F229EA8f37b2ADa2699bb2,USDC,0.9992,2281.52,27108181.0,27108181.0,436.42,36.45,0.0,11,15,0.0,1738256135000,615.6,0.1913,0.733,v4,True,inverse_connector,True,2281.51,1453.36,8,False,1.0,v4.getSlot0,V4,False,0.04,1.9e-05,,,,,
2026-10-04,base,pancakeswap,USDT/USDC,0x0BFFF3A8f90FBdd39a5dDD1eE9eb2F9a11E79b86,USDT,0xfde4C96c8593536E31F229EA8f37b2ADa2699bb2,USDC,1.0043,2889.32,27262773.0,27262773.0,5.32,0.0,0.0,1,0,0.0,1743367667000,552.51,0.0018,,,True,inverse_connector,True,2889.14,34.62,4,False,100.0,fee(),CL/V3,False,0.05,1.8e-05,,,,,
2026-10-08,base,uniswap,AERO/cbBTC,0x714f049CaC863036F207a8BD6b283f822f61D079,AERO,0x940181a94A35A4569E4529A3CDfB74e38FD98631,cbBTC,0.7742,30378.01,1546664613.0,1546664613.0,23158.75,7389.65,463.17,255,307,-2.68,1744028931000,548.78,0.7624,0.831,v3,True,inverse_connector,True,20970.48,18855.18,6,False,30.0,fee(),CL/V3,False,69.48,0.002287,0.0,0.0,0.0,8,uniswap
2026-10-08,base,aerodrome,AERO/WETH,0x9Be74093980230702f766bc6F8234177E58237E4,AERO,0x940181a94A35A4569E4529A3CDfB74e38FD98631,WETH,0.7786,3849.67,1555425656.0,1555425656.0,6793.79,1814.94,229.03,397,538,-2.12,,,1.7648,0.738,,True,inverse_connector,True,4294.81,19163.02,8,False,5.0,fee(),CL/V3,False,3.4,0.000882,,,,,
2026-10-08,base,uniswap,REI/USDC,0x4cec981d98fb6214939431d61cc7b089aa8ff96ea419dcc48cf8bc34f568bd07,REI,0x6B2504A03ca4D43d0D73776F6aD46dAb2F2a4cFD,USDC,0.01399,19448.7,13996676.0,13996674.0,1365.05,85.2,66.2,7,31,-3.51,1789764829000,19.43,0.0702,0.226,v4,True,inverse_connector,True,20041.99,1699.38,7,False,300.0,v4.getSlot0,V4,False,40.95,0.002106,,,,,
2026-10-01,base,uniswap,DRB/USDC,0x17a7eEF6365D76c933F9288E6f215C3cb70146e9,DRB,0x3ec2156D4c0A9CBdAB4a016633b7BcF6a8d68Ea2,USDC,0.0002252,3616.17,22228214.0,22228214.0,188.86,0.28,0.0,12,3,13.63,1741365491000,572.61,0.0522,4.0,v3,True,inverse_connector,True,3616.17,188.86,1,False,100.0,fee(),CL/V3,False,1.89,0.000522,2.54,0.03,272.78,6,uniswap
2026-10-08,base,alien-base,EURC/WETH,0x7682D268f34E86aCCAdfF56Db9668Eb6A449fF07,EURC,0x60a3E35Cc302bFA44Cb288Bc5a4F316Fdb1adb42,WETH,1.11,43036.81,478207742.0,59089174.0,0.36,0.01,0.0,6,1,0.01,1727715711000,737.59,0.0,6.0,V3,True,inverse_connector,True,43230.25,0.34,8,False,2.0,fee(),CL/V3,False,0.0,0.0,,,,,
2026-10-08,base,hydrex,EURC/WETH,0xB20f018Dde5A6FE7F93c31Da05a5Da9EfBc52772,EURC,0x60a3E35Cc302bFA44Cb288Bc5a4F316Fdb1adb42,WETH,1.11,23596.84,478986051.0,55060048.0,9767.65,696.74,64.76,123,151,-0.12,1750110649000,478.39,0.4139,0.815,CLAMM,True,inverse_connector,True,21556.13,8645.55,8,False,5.0,globalState.lastFee,CLAMM,True,4.88,0.000207,,,,,
2026-10-08,base,aerodrome,EURC/WETH,0x9DFf4b5AE4fD673213502Ab8fbf6d36015efb3E1,EURC,0x60a3E35Cc302bFA44Cb288Bc5a4F316Fdb1adb42,WETH,1.12,8766.89,480939897.0,59445028.0,98.0,19.95,0.0,16,15,-0.05,1722640819000,796.33,0.0112,1.067,,True,inverse_connector,True,8949.39,89.46,8,False,30.0,getReserves.v2,V2,False,0.29,3.4e-05,,,,,
2026-10-08,base,pancakeswap,EURC/WETH,0xb57BdfDb5FE848f999B45A868131a50b2EBE1755,EURC,0x60a3E35Cc302bFA44Cb288Bc5a4F316Fdb1adb42,WETH,1.12,2887.28,479562966.0,59256630.0,106.28,39.52,6.36,37,43,-0.12,1727211031000,743.43,0.0368,0.86,,True,inverse_connector,True,2948.36,79.79,8,False,1.0,fee(),CL/V3,False,0.01,4e-06,,,,,
2026-10-08,base,deltaswap,weETH/USDC,0x288976Ed5C798937cc58954deeE471dfbcd3F23B,weETH,0x04C0599Ae5A44757c0af6F9eC3b93da8976c150A,USDC,2831.93,36087.73,6513457.0,53967751.0,447.56,87.4,10.04,16,26,-1.88,1715872993000,874.66,0.0124,0.615,,True,inverse_connector,True,36853.56,406.58,8,False,30.0,getReserves.v2,V2,False,1.34,3.7e-05,,,,,
2026-10-08,base,uniswap,MORPHO/USDC,0x0b5801d76420450270ae80476bb57091a23969ef4c05f4f9441547d09e96c83b,MORPHO,0xBAa5CC21fd487B8Fcc2F632f3F4E8D37262a0842,USDC,2.52,27932.2,282989433.0,66229264.0,2272.67,336.53,0.0,22,64,-1.98,1740770387000,586.5,0.0814,0.344,v4,True,inverse_connector,True,27996.79,3310.5,8,False,100.0,v4.getSlot0,V4,False,22.73,0.000814,,,,,
2026-10-08,base,uniswap,TOSHI/USDC,0xFc131B9981fB053C2cAb7373DAf70DeF1436c4BB,TOSHI,0xAC1Bd2486aAf3B5C0fc3Fd868558b082a531B2B4,USDC,0.0001133,35453.61,47701850.0,47701850.0,1016.54,245.16,0.0,2,62,-2.22,1707628977000,970.08,0.0287,0.032,v3,True,inverse_connector,True,36825.64,1771.36,8,False,100.0,fee(),CL/V3,False,10.17,0.000287,10767.52,107.68,16784.31,8,uniswap
2026-10-03,base,uniswap,cbZEC/cbBTC,0x39458e556e52168e77845a0df004ef890b3da17fd79e9a083418635d0675067e,cbZEC,0xB2000000000000000000008501b13360000cb2EC,cbBTC,1319.6,2365.44,7558566.0,7558566.0,319.26,74.75,0.0,27,34,-4.58,1788327315000,31.07,0.135,0.794,v4,True,inverse_connector,True,2467.19,252.59,3,False,25.0,v4.getSlot0,V4,False,0.8,0.000337,,,,,
2026-10-08,base,uniswap,AIXBT/WETH,0x47808DdBC91646b21B307FeFBaF7ee200B004CcC,AIXBT,0x4F9Fd6Be4a90f2620860d680c0d4d5Fb53d1A825,WETH,0.02065,4810.04,20549218.0,20549218.0,35.76,1.69,1.69,6,3,0.72,1730525637000,705.07,0.0074,2.0,v3,False,subgraph,False,5215.16,311.36,8,False,100.0,fee(),CL/V3,False,0.36,7.4e-05,2239.58,22.4,4411.02,8,uniswap
2026-10-08,base,aerodrome,AIXBT/WETH,0xF3E7E359b75a7223BA9D71065C57DDd4F5D8747e,AIXBT,0x4F9Fd6Be4a90f2620860d680c0d4d5Fb53d1A825,WETH,0.02055,4793.65,20454220.0,20454220.0,265.89,69.27,45.29,20,30,-2.43,1731739173000,691.02,0.0555,0.667,,True,inverse_connector,True,5105.52,191.9,8,False,30.0,getReserves.v2,V2,False,0.8,0.000166,,,,,
2026-10-03,base,uniswap,AIXBT/WETH,0x1C5432a50DA0C3a533a93355873c431d4A844A61,AIXBT,0x4F9Fd6Be4a90f2620860d680c0d4d5Fb53d1A825,WETH,0.02242,2285.5,22313994.0,22313994.0,1.07,0.0,0.0,3,2,-4.33,1730526781000,700.05,0.0005,1.5,v3,True,inverse_connector,True,2317.42,0.81,3,False,30.0,fee(),CL/V3,False,0.0,1e-06,2.52,0.01,977.03,7,uniswap
2026-10-08,base,pancakeswap,cbXRP/cbBTC,0x13c9C9196f05989E28284F9Ba5a97f24e87D3072,cbXRP,0xcb585250f852C6c6bf90434AB21A00f02833a4af,cbBTC,1.4,21433.08,195054950.0,195054950.0,9632.86,4410.29,76.49,95,104,-4.6,1767670343000,275.15,0.4494,0.913,,True,inverse_connector,True,22881.62,7380.29,8,False,25.0,fee(),CL/V3,False,24.08,0.001124,,,,,
2026-10-08,base,aerodrome,cbXRP/cbBTC,0x95Ff4985af7ED78421215be100c18a2b987f7E90,cbXRP,0xcb585250f852C6c6bf90434AB21A00f02833a4af,cbBTC,1.39,5450.47,194104094.0,194104094.0,13.81,1.94,0.0,2,10,-5.24,,,0.0025,0.2,,True,inverse_connector,True,5780.99,17.36,8,False,25.0,fee(),CL/V3,False,0.03,6e-06,0.0,0.0,438937.21,8,aerodrome
2026-10-08,base,aerodrome,DEGEN/USDC,0x637ad8d2611d3efE2ef41fdBb40b9F21AbAF9585,DEGEN,0x4ed4E862860beD51a9570b96d89aF5E1B0Efefed,USDC,0.0009982,2281.5,35979746.0,35979524.0,53.24,6.84,1.38,5,20,-2.52,1709852225000,944.34,0.0233,0.25,,True,inverse_connector,True,2344.69,132.57,8,False,30.0,getReserves.v2,V2,False,0.16,7e-05,,,,,
2026-10-08,base,uniswap,AVNT/WETH,0x04f0C5d0e2fc9329F08E0112a37d7D9B7CfF1043,AVNT,0x696F9436B67233384889472Cd7cD58A6fB5DF4f1,WETH,0.1267,28385.21,25988085.0,126173819.0,3645.34,1914.61,387.82,154,134,2.3,1757424019000,393.74,0.1284,1.149,v3,True,inverse_connector,True,30914.24,3052.62,8,False,100.0,fee(),CL/V3,False,36.45,0.001284,23510.29,235.1,24743.37,8,uniswap
2026-10-08,base,hydrex,tBTC/cbBTC,0x434355f7EAfCF3A5b8A6EF755505B845682F906b,tBTC,0x236aa50979D5f3De3Bd1Eeb40E81137F22ab794b,cbBTC,83655.44,2955.63,347413671.0,4294910.0,14.6,0.0,0.0,1,0,0.0,1750862533000,469.69,0.0049,,CLAMM,True,inverse_connector,True,3004.18,357.51,8,False,5.0,globalState.lastFee,CLAMM,True,0.01,2e-06,,,,,
2026-10-08,base,uniswap,tBTC/cbBTC,0xdc26fcfe8c560e89a4c697729b86ce6efa8e4cf572d9e2667aa12ffbc53c81db,tBTC,0x236aa50979D5f3De3Bd1Eeb40E81137F22ab794b,cbBTC,82362.26,2567.19,342043201.0,4160388.0,343.97,59.79,0.0,14,6,-2.02,1742455565000,566.99,0.134,2.333,v4,True,inverse_connector,True,2637.15,880.2,8,False,1.0,v4.getSlot0,V4,False,0.03,1.3e-05,,,,,
2026-10-08,base,uniswap,EDGE/USDC,0x99571B348E9BD9Cec1Eb4DfC053bE41A7A698B58,EDGE,0xED6E000dEF95780fb89734c07EE2ce9F6dcAf110,USDC,0.1071,35175.66,29011611.0,107105905.0,120255.91,32438.38,6789.45,876,1093,-17.39,1772603947000,218.05,3.4187,0.801,v3,True,inverse_connector,True,36522.96,95657.6,8,False,30.0,fee(),CL/V3,False,360.77,0.010256,698220.02,2094.66,26559.19,8,uniswap
2026-10-08,base,uniswap,EDGE/WETH,0x40c1fC0790E1B09f30A44b4dA3b89175D440ba60,EDGE,0xED6E000dEF95780fb89734c07EE2ce9F6dcAf110,WETH,0.1072,9820.01,29045846.0,107232294.0,7047.85,1191.87,142.41,55,142,-16.9,1743622921000,553.48,0.7177,0.387,v3,True,inverse_connector,True,9057.26,3815.91,8,False,100.0,fee(),CL/V3,False,70.48,0.007177,28522.0,285.22,6711.03,8,uniswap
2026-10-01,base,aerodrome,UP/USDC,0xb1857B20d91c216f51656B63081f35C7cD0A489d,UP,0x5b2193fDc451C1f847bE09CA9d13A4Bf60f8c86B,USDC,0.06915,18131.6,15969442.0,16639637.0,6123.35,1017.4,36.07,137,227,2.23,,,0.3377,0.604,,True,inverse_connector,True,18131.6,6123.35,1,False,100.0,fee(),CL/V3,False,61.23,0.003377,,,,,
2026-10-01,base,uniswap,UP/USDC,0xc9618f76983457680da50898f243b6cf022159c5d3e7042b438bf4613a47712b,UP,0x5b2193fDc451C1f847bE09CA9d13A4Bf60f8c86B,USDC,0.07704,2385.88,17793291.0,18540028.0,570.55,24.04,0.0,24,6,16.74,1788175127000,30.83,0.2391,4.0,v4,True,inverse_connector,True,2385.88,570.55,1,False,1100.0,v4.getSlot0,V4,False,62.76,0.026305,,,,,
2026-10-08,base,pancakeswap,cbXRP/USDC,0xaAbA8e9c7038a9E1224Bb51150546242A1f64E5C,cbXRP,0x3aA748515e96420a0AEe76fa6251d90ACdb3e6e4,USDC,0.001173,117294860.76,117389944.0,117389944.0,0.37,0.0,0.0,0,2,0.0,1761188413000,350.18,0.0,0.0,,True,search,False,117304087.68,0.26,7,False,1.0,fee(),CL/V3,False,0.0,0.0,,,,,
2026-10-08,base,uniswap,DRB/USDC,0x44a830eb2d1fa704b2b3f021afc16102f13f81373ca200e9c8e69aefd6af8212,DRB,0x3ec2156D4c0A9CBdAB4a016633b7BcF6a8d68Ea2,USDC,0.000193,2019.34,19051415.0,19051415.0,306.17,0.0,0.0,0,25,-8.79,1772069773000,224.23,0.1516,0.0,v4,True,inverse_connector,True,2114.25,305.29,6,False,500.0,v4.getSlot0,V4,False,15.31,0.007581,,,,,
2026-10-08,base,pancakeswap,cbXRP/USDC,0x882F68437e3d753CbC0d1369b555F801B071f7c8,cbXRP,0xcb585250f852C6c6bf90434AB21A00f02833a4af,USDC,1.47,9032.91,205452952.0,205452952.0,0.03,0.01,0.0,0,2,-1.0,1749172589000,489.25,0.0,0.0,,True,inverse_connector,True,9207.78,0.03,7,False,5.0,fee(),CL/V3,False,0.0,0.0,,,,,
2026-10-08,base,uniswap,MENTE/cbBTC,0x35c498217B1D851852c916479Cd483dB427a0771,MENTE,0x4CD9a847f39106E19A4E41Aea8a232E915C82aF5,cbBTC,0.01776,218804.82,17763360.0,17763360.0,3317.14,1112.35,0.0,100,0,-0.05,1775676883000,182.48,0.0152,,v3,True,search,False,218809.27,2077.32,3,False,30.0,fee(),CL/V3,False,9.95,4.5e-05,0.0,0.0,0.0,8,uniswap
2026-10-05,base,uniswap,DIEM/cbBTC,0x3b92f4962d799934d24d114f3d7569f836d5d9af01bd92ecee613d5ba89f17a2,DIEM,0xF4d97F2da56e8c3098f3a8D538DB630A2606a024,cbBTC,2089.21,76261.78,76575658.0,76575707.0,30178.73,3876.92,903.7,363,164,6.02,1775979385000,175.99,0.3957,2.213,v4,True,search,False,75412.58,24718.4,2,False,30.0,v4.getSlot0,V4,False,90.54,0.001187,,,,,
2026-10-05,base,uniswap,AERO/USDC,0x15323d0c13fbc0a9b6639f1824ef541a8bc1b04f7f64de01bfbba99d7683c52a,AERO,0x940181a94A35A4569E4529A3CDfB74e38FD98631,USDC,0.8562,30629.46,1706409588.0,1706409588.0,1269.29,324.55,10.01,62,59,1.97,1786539041000,53.77,0.0414,1.051,v4,True,inverse_connector,True,30674.49,1087.13,2,False,90.0,v4.getSlot0,V4,False,11.42,0.000373,,,,,
2026-10-05,base,pancakeswap,AERO/USDC,0x29a857629E58C531f351Bb7fbd86aa46Ef6aF0B7,AERO,0x940181a94A35A4569E4529A3CDfB74e38FD98631,USDC,0.8573,10543.7,1708579860.0,1708579860.0,13527.78,3625.66,485.65,842,894,1.62,1714195829000,891.08,1.283,0.942,,True,inverse_connector,True,10569.85,12120.12,2,False,5.0,fee(),CL/V3,False,6.76,0.000642,,,,,
2026-10-05,base,aerodrome,AERO/USDC,0x861Ee8B9F7e42eDCF4f1B5614c6595F71A879f3f,AERO,0x940181a94A35A4569E4529A3CDfB74e38FD98631,USDC,0.8468,17401.31,1687621099.0,1687621099.0,389.78,85.13,0.0,25,10,-1.57,1703890309000,1010.36,0.0224,2.5,,True,inverse_connector,True,17556.11,502.7,2,False,30.0,getReserves.v2,V2,False,1.17,6.7e-05,,,,,
2026-10-05,base,uniswap,AERO/USDC,0x611374654470457AF78aA4056f34E64B9acbEc8B,AERO,0x940181a94A35A4569E4529A3CDfB74e38FD98631,USDC,0.8562,11973.7,1706400090.0,1706400090.0,1186.5,301.75,20.02,65,57,2.0,1707766701000,965.49,0.0991,1.14,v3,True,inverse_connector,True,11985.94,1152.55,2,False,100.0,fee(),CL/V3,False,11.87,0.000991,6579.74,65.8,11053.33,8,uniswap
2026-10-05,base,uniswap,AERO/USDC,0x2426DC0A657BD481ab48f86C1616431905901238,AERO,0x940181a94A35A4569E4529A3CDfB74e38FD98631,USDC,0.8597,5844.07,1713326980.0,1713326980.0,1218.55,299.25,37.12,92,111,1.7,1709022543000,950.95,0.2085,0.829,v3,True,inverse_connector,True,5850.13,1134.59,2,False,30.0,fee(),CL/V3,False,3.66,0.000626,8734.59,26.2,6036.57,8,uniswap
2026-10-05,base,uniswap,AERO/USDC,0xe268e533bf3b4df49b2951ce7b39345f814e7eb93415eda1d39a9c3a57662ec8,AERO,0x940181a94A35A4569E4529A3CDfB74e38FD98631,USDC,0.8597,3856.66,1713412938.0,1713412938.0,866.36,239.27,35.92,128,144,1.97,1738188939000,613.38,0.2246,0.889,v4,True,inverse_connector,True,3860.95,774.92,2,False,30.0,v4.getSlot0,V4,False,2.6,0.000674,,,,,
2026-10-05,base,uniswap,AERO/USDC,0x036af7dbaf1925acdf9d68530f687421523a80ec8ccd75edb6e1ddcb166d2f3e,AERO,0x940181a94A35A4569E4529A3CDfB74e38FD98631,USDC,0.8587,4800.62,1711363072.0,1711363072.0,70.12,0.0,0.0,11,0,3.1,1790355635000,9.6,0.0146,,v4,True,inverse_connector,True,4758.31,96.69,2,False,350.0,v4.getSlot0,V4,False,2.45,0.000511,,,,,
2026-10-06,base,uniswap,FLOCK/WETH,0x15aEda0387EBeF5Fd8300560010De83780477147,FLOCK,0x5aB3D4c385B400F3aBB49e80DE2fAF6a88A7B691,WETH,0.0657,26755.92,8463437.0,31766582.0,389.52,176.21,105.94,34,24,1.38,1735652991000,643.72,0.0146,1.417,v3,True,inverse_connector,True,26470.48,682.76,3,False,100.0,fee(),CL/V3,False,3.9,0.000146,10247.25,102.47,5884.92,8,uniswap
2026-10-05,base,aerodrome,FLOCK/cbBTC,0xd162C4444d5eFEaD433F080696D1f4Dc2BCD58Fb,FLOCK,0x5aB3D4c385B400F3aBB49e80DE2fAF6a88A7B691,cbBTC,0.06497,75567.33,8369366.0,31397231.0,2104.42,546.84,64.27,71,58,1.59,1755714065000,410.54,0.0278,1.224,,True,search,False,75567.33,2104.42,1,False,30.0,getReserves.v2,V2,False,6.31,8.4e-05,,,,,
2026-10-05,base,uniswap,USDT/USDC,0xfba2c4592d32a4e2e6393b8898f9110b4e272983f4bd416b38f81672a17fe3dc,USDT,0xfde4C96c8593536E31F229EA8f37b2ADa2699bb2,USDC,0.9993,42581.36,27134722.0,27134722.0,4409754.95,4409754.95,1338728.53,5936,6055,0.0,1746426267000,518.04,103.5607,0.98,v4,True,inverse_connector,True,42581.36,4409754.95,1,False,0.06,v4.getSlot0,V4,False,26.46,0.000621,,,,,
2026-10-08,base,pancakeswap,EURC/WETH,0xb4a43D89B5d356065646389fD677cA762EFcD780,EURC,0x60a3E35Cc302bFA44Cb288Bc5a4F316Fdb1adb42,WETH,1.11,31775.13,478850382.0,59168581.0,20161.66,4640.3,678.96,487,523,-0.22,1738764811000,609.71,0.6345,0.931,,True,inverse_connector,True,38278.72,25424.4,3,False,5.0,fee(),CL/V3,False,10.08,0.000317,,,,,
2026-10-08,base,uniswap,MIGGLES/WETH,0x17A3Ad8c74c4947005aFEDa9965305ae2EB2518a,MIGGLES,0xB1a03EdA10342529bBF8EB700a06C60441fEf25d,WETH,0.001614,394018.53,1547874.0,1547874.0,23644.52,2648.09,30.54,105,90,-3.49,1721147933000,813.61,0.06,1.167,v2,True,trending_meta,False,399775.6,17701.58,2,False,30.0,getReserves.v2,V2,False,70.93,0.00018,,,,,
2026-10-08,base,uniswap,MORPHO/USDC,0xda64775242297b31ec4d81472b94ee1069814cd05d748e1d24095813e93603cf,MORPHO,0xBAa5CC21fd487B8Fcc2F632f3F4E8D37262a0842,USDC,2.53,9980.1,283534185.0,66356754.0,2617.72,1028.47,210.55,117,152,-1.89,1791323379000,1.39,0.2623,0.77,v4,True,inverse_connector,True,9985.07,1850.13,2,False,28.0,v4.getSlot0,V4,False,7.33,0.000734,,,,,
2026-10-08,base,aerodrome,cbBTC/WETH,0x42d4a22CaD0F5a49681a5715cE994Af73A43B76b,cbBTC,0xcbB7C0000aB88B473b1f5aFd9ef808440eed33Bf,WETH,82838.34,8519418.79,3899079129.0,3911669435.0,39615763.31,11574062.75,1973591.29,1663,1951,-1.57,,,4.6501,0.852,,True,search,False,8519418.79,39615763.31,1,False,5.0,fee(),CL/V3,False,19807.88,0.002325,,,,,
2026-10-08,base,hydrex,cbETH/WETH,0xB1383DC47D9971Fc999C3A9088F79E744b376e97,cbETH,0x2Ae3F1Ec7F1F5012CFEab0185bfc7aa3cf0DEc22,WETH,2932.83,661919.95,485593512.0,227397228.0,2314394.27,619772.38,242433.55,496,530,-1.84,1753983279000,433.57,3.4965,0.936,CLAMM,True,search,False,661919.95,2314394.27,1,False,5.0,globalState.lastFee,CLAMM,True,1157.2,0.001748,,,,,
2026-10-08,base,uniswap,AUKI/WETH,0x2Fa9D6085c91151200e61a3e627D35001772C0D1,AUKI,0xF9569cFb8FD265e91aa478d86ae8c78b8AF55Df4,WETH,0.007762,445441.14,39921681.0,77546151.0,17243.96,393.89,0.0,17,37,3.24,1724858513000,770.66,0.0387,0.459,v3,True,subgraph,False,445441.14,17243.96,1,False,100.0,fee(),CL/V3,False,172.44,0.000387,118752.92,1187.53,380421.23,8,uniswap
2026-10-08,base,uniswap,CLANKER/WETH,0xC1a6FBeDAe68E1472DbB91FE29B51F7a0Bd44F97,CLANKER,0x1bc0c42215582d5A085795f4baDbaC3ff36d1Bcb,WETH,13.4,1541628.95,13219764.0,13219764.0,3765.98,2.81,1.35,24,58,-3.45,1731098613000,698.44,0.0024,0.414,v3,True,subgraph,False,1541628.95,3765.98,1,False,100.0,fee(),CL/V3,False,37.66,2.4e-05,59191.5,591.92,1636256.36,8,uniswap
2026-10-08,base,uniswap,WETH/USDC,0x6c561B446416E1A00E8E93E221854d6eA4171372,WETH,0x4200000000000000000000000000000000000006,USDC,2562.56,156496157.83,723346652.0,690953147.0,58007230.14,18063393.44,2086914.11,3479,3988,-2.03,1700287149000,1055.05,0.3707,0.872,v3,True,subgraph,False,156496157.83,58007230.14,1,False,30.0,fee(),CL/V3,False,174021.69,0.001112,408397621.93,1225192.87,171217207.39,8,uniswap
2026-10-08,base,uniswap,REI/WETH,0xA213C82265cd3D94f972f735A4f5130e34dF81Bc,REI,0x6B2504A03ca4D43d0D73776F6aD46dAb2F2a4cFD,WETH,0.01399,173640.14,13992973.0,13992971.0,7201.37,429.48,45.11,86,176,-3.5,1732225031000,685.4,0.0415,0.489,v3,True,subgraph,False,173640.14,7201.37,1,False,100.0,fee(),CL/V3,False,72.01,0.000415,93773.53,937.74,137614.52,8,uniswap
2026-10-08,base,uniswap,WETH/USDC,0x0b1C2DCbBfA744ebD3fC17fF1A96A1E1Eb4B2d69,WETH,0x4200000000000000000000000000000000000006,USDC,2558.51,903427.0,722205810.0,689863395.0,111029.56,15166.58,0.0,22,89,-2.72,1699775849000,1060.97,0.1229,0.247,v3,True,subgraph,False,903427.0,111029.56,1,False,100.0,fee(),CL/V3,False,1110.3,0.001229,279912.05,2799.12,481258.27,8,uniswap
2026-10-08,base,uniswap,uSOL/WETH,0xab04A352D4EC8d0F1812A4E5EBe7807Fa67acD48,uSOL,0x9B8Df6E244526ab5F6e6400d331DB28C8fdDdb55,WETH,114.55,560961.23,2468898.0,2468898.0,29913.27,5730.83,0.0,17,66,-3.2,1727527445000,739.77,0.0533,0.258,v3,True,subgraph,False,560961.23,29913.27,1,False,30.0,fee(),CL/V3,False,89.74,0.00016,272470.46,817.41,585350.0,8,uniswap
2026-10-08,base,uniswap,VIRTUAL/WETH,0x8e0A7d4018fb2674346d5742055174f899Fe1826,VIRTUAL,0x0b3e328455c4059EEb9e3f84b5543F74E24e7E1b,WETH,0.7582,59525.08,499228583.0,758261420.0,2417.09,1211.51,0.0,30,50,-2.96,1710514799000,936.68,0.0406,0.6,v3,True,subgraph,False,59525.08,2417.09,1,False,100.0,fee(),CL/V3,False,24.17,0.000406,61441.96,614.42,49189.35,8,uniswap
2026-10-08,base,uniswap,Cocoro/WETH,0xD2fdfD5059A83E15bF362F094A2aE63F03b554ca,Cocoro,0x937a1cFAF0A3d9f5Dc4D0927F72ee5e3e5F82a00,WETH,0.001816,983539.79,1448966.0,1448966.0,345.84,224.53,0.0,1,4,-2.17,1741433849000,578.82,0.0004,0.25,v3,True,subgraph,False,983539.79,345.84,1,False,100.0,fee(),CL/V3,False,3.46,4e-06,28662.73,286.63,247172.69,8,uniswap
2026-10-08,base,uniswap,AERO/WETH,0x3d5D143381916280ff91407FeBEB52f2b60f33Cf,AERO,0x940181a94A35A4569E4529A3CDfB74e38FD98631,WETH,0.777,1517069.08,1552266232.0,1552266232.0,585131.46,172077.16,11603.08,679,1198,-2.35,1696424985000,1099.75,0.3857,0.567,v3,True,subgraph,False,1517069.08,585131.46,1,False,30.0,fee(),CL/V3,False,1755.39,0.001157,4667583.33,14002.75,1605599.11,8,uniswap
2026-10-08,base,uniswap,STONKEX/WETH,0x7692AcC1CDd771D09EbCae3663e1843b2911BEC7,STONKEX,0x5ab000ff9B9FfE0349CE5ffA5fD86f217C3680F5,WETH,0.005497,384353.6,4966429.0,4966200.0,164932.44,38944.39,6605.44,451,389,-0.98,1787584785000,44.66,0.4291,1.159,v3,True,subgraph,False,384353.6,164932.44,1,False,100.0,fee(),CL/V3,False,1649.32,0.004291,2112557.41,21125.57,434730.42,8,uniswap
2026-10-08,base,uniswap,MOEW/WETH,0x8deB37B048F4b3c7Bd61EcA7dFcCbef7CbA726dE,MOEW,0x15aC90165f8B45A80534228BdCB124A011F62Fee,WETH,0.0002188,399452.56,1357008.0,1357008.0,4675.98,3243.44,5.2,20,44,-1.96,1712144987000,917.81,0.0117,0.455,v3,True,subgraph,False,399452.56,4675.98,1,False,30.0,fee(),CL/V3,False,14.03,3.5e-05,58869.41,176.61,457428.06,8,uniswap
2026-10-08,base,uniswap,VIRTUAL/WETH,0x1D4daB3f27C7F656b6323C1D6Ef713b48A8f72F1,VIRTUAL,0x0b3e328455c4059EEb9e3f84b5543F74E24e7E1b,WETH,0.7605,150030.07,500704397.0,760502984.0,7578.65,3155.17,228.01,169,188,-3.44,1729801301000,713.45,0.0505,0.899,v3,True,subgraph,False,150030.07,7578.65,1,False,30.0,fee(),CL/V3,False,22.74,0.000152,119331.44,357.99,87742.92,8,uniswap
2026-10-08,base,uniswap,BRETT/WETH,0x76Bf0abD20f1e0155Ce40A62615a90A709a6C3D8,BRETT,0x532f27101965dd16442E59d40670FaF5eBB142E4,WETH,0.005346,116323.22,52980977.0,52980977.0,64333.82,14944.19,729.88,273,342,-3.43,1709899129000,943.8,0.5531,0.798,v3,True,subgraph,False,116323.22,64333.82,1,False,30.0,fee(),CL/V3,False,193.0,0.001659,438460.3,1315.38,101536.71,8,uniswap
2026-10-08,base,uniswap,LINGO/WETH,0x9399dA51C1a85e64CCe4b30B554875D2b89b2445,LINGO,0xfb42Da273158B0F642F59F2Ba7cc1d5457481677,WETH,0.01315,106358.61,1563379.0,8462850.0,6198.19,1041.03,235.8,87,120,-4.95,1734015615000,664.68,0.0583,0.725,v3,True,subgraph,False,106358.61,6198.19,1,False,30.0,fee(),CL/V3,False,18.59,0.000175,49398.26,148.19,115248.41,8,uniswap
2026-10-08,base,uniswap,MORPHO/WETH,0x2F42Df4aF5312B492E9d7F7b2110D9c7bf2D9e4F,MORPHO,0xBAa5CC21fd487B8Fcc2F632f3F4E8D37262a0842,WETH,2.53,946087.76,283832576.0,66426588.0,636105.49,203839.86,45076.06,769,793,-1.55,1731367701000,695.32,0.6724,0.97,v3,True,subgraph,False,946087.76,636105.49,1,False,30.0,fee(),CL/V3,False,1908.32,0.002017,6472404.6,19417.21,891471.72,8,uniswap
2026-10-08,base,uniswap,OMI/WETH,0x6E7b4416E3a2b873F6Cd4840e6bee7d88f07dA8f,OMI,0x3792DBDD07e87413247DF995e692806aa13D3299,WETH,0.0002755,216576.54,77851116.0,17261134.0,29766.75,3434.98,181.91,116,173,2.57,1713601511000,900.95,0.1374,0.671,v3,True,subgraph,False,216576.54,29766.75,1,False,30.0,fee(),CL/V3,False,89.3,0.000412,851950.05,2555.85,393300.75,8,uniswap
2026-10-08,base,uniswap,DEGEN/WETH,0xc9034c3E7F58003E6ae0C8438e7c8f4598d5ACAA,DEGEN,0x4ed4E862860beD51a9570b96d89aF5E1B0Efefed,WETH,0.0009977,118547.55,35962831.0,35962608.0,59314.91,5244.58,852.09,280,457,-3.06,1704655845000,1004.49,0.5003,0.613,v3,True,subgraph,False,118547.55,59314.91,1,False,30.0,fee(),CL/V3,False,177.94,0.001501,265887.05,797.66,151471.66,8,uniswap
2026-10-08,base,uniswap,VVV/WETH,0x1D2bdB7117a5A7D7fE4c1d95681a92e4Df13bB69,VVV,0xacfE6019Ed1A7Dc6f7B508C02d1b04ec88cC21bf,WETH,24.94,430832.81,1212136389.0,2022677667.0,61637.1,13043.68,0.02,18,175,-6.72,1738000523000,618.55,0.1431,0.103,v3,True,subgraph,False,430832.81,61637.1,1,False,100.0,fee(),CL/V3,False,616.37,0.001431,939969.33,9399.69,392657.32,8,uniswap
2026-10-08,base,uniswap,ZRO/WETH,0xa2d4A8e00dAaD32aCACe1A0dD0905f6aaF57E84e,ZRO,0x6985884C4392D348587B19cb9eAAf157F13271cd,WETH,2.12,51779.72,847027391.0,12887960.0,28300.89,10266.86,885.08,859,925,-4.42,1718880993000,839.84,0.5466,0.929,v3,True,subgraph,False,51779.72,28300.89,1,False,30.0,fee(),CL/V3,False,84.9,0.00164,224055.95,672.17,39349.55,8,uniswap
2026-10-08,base,uniswap,VIRTUAL/WETH,0x9c087Eb773291e50CF6c6a90ef0F4500e349B903,VIRTUAL,0x0b3e328455c4059EEb9e3f84b5543F74E24e7E1b,WETH,0.7609,594608.13,501013323.0,760972200.0,1644926.05,351734.85,57543.15,3289,3581,-3.74,1730195457000,708.89,2.7664,0.918,v3,True,subgraph,False,594608.13,1644926.05,1,False,5.0,fee(),CL/V3,False,822.46,0.001383,15019926.59,7509.96,496571.39,8,uniswap
2026-10-08,base,uniswap,cbBTC/WETH,0x7AeA2E8A3843516afa07293a10Ac8E49906dabD1,cbBTC,0xcbB7C0000aB88B473b1f5aFd9ef808440eed33Bf,WETH,82868.33,12820565.75,3900490705.0,3913085569.0,11886579.26,2835197.1,352510.97,2033,2480,-1.58,1726241063000,754.66,0.9271,0.82,v3,True,subgraph,False,12820565.75,11886579.26,1,False,5.0,fee(),CL/V3,False,5943.29,0.000464,93268484.44,46634.24,14183427.63,8,uniswap
2026-10-08,base,uniswap,FAI/WETH,0x68B27E9066d3aAdC6078E17C8611b37868F96A1D,FAI,0xb33Ff54b9F7242EF1593d2C9Bcd8f9df46c77935,WETH,0.002321,249391.82,19014418.0,19014418.0,318.6,0.0,0.0,8,1,1.07,1732859141000,678.06,0.0013,8.0,v3,True,subgraph,False,249391.82,318.6,1,False,100.0,fee(),CL/V3,False,3.19,1.3e-05,5831.67,58.32,209397.89,8,uniswap
2026-10-08,base,uniswap,wstETH/WETH,0x20E068D76f9E90b90604500B84c7e19dCB923e7e,wstETH,0xc1CBa3fCea344f92D9239c08C0568f6F2F0ee452,WETH,3196.8,99152.51,94657429.0,94657429.0,30089.35,5417.82,1032.41,236,250,-2.0,1706782259000,979.88,0.3035,0.944,v3,True,subgraph,False,99152.51,30089.35,1,False,1.0,fee(),CL/V3,False,3.01,3e-05,416801.8,41.68,91245.86,8,uniswap
2026-10-08,base,uniswap,uXRP/WETH,0xc8da14d7467814A91384796Db3cA2c273b30B361,uXRP,0x2615a94df961278DcbC41Fb0a54fEc5f10a693aE,WETH,1.39,1069544.24,2389027.0,2389027.0,98401.56,45035.33,2.08,209,178,-4.65,1733354787000,672.32,0.092,1.174,v3,True,subgraph,False,1069544.24,98401.56,1,False,30.0,fee(),CL/V3,False,295.2,0.000276,388362.67,1165.09,905360.73,8,uniswap
2026-10-08,base,uniswap,WETH/USDC,0xd0b53D9277642d899DF5C87A3966A349A798F224,WETH,0x4200000000000000000000000000000000000006,USDC,2567.64,9840068.52,724781661.0,692323892.0,18123791.89,4260186.28,705691.6,9150,11030,-1.93,1694030161000,1127.47,1.8418,0.83,v3,True,subgraph,False,9840068.52,18123791.89,1,False,5.0,fee(),CL/V3,False,9061.9,0.000921,98303777.88,49151.89,10924574.92,8,uniswap
2026-10-08,base,uniswap,rETH/WETH,0x9e13996A9f5a9870C105D7e3C311848273740e98,rETH,0xB6fe221Fe9EeF5aBa221c348bA20A1Bf5e73624c,WETH,3006.07,100907.35,5687189.0,5687189.0,6583.01,3396.66,33.03,10,16,-1.92,1693650441000,1131.86,0.0652,0.625,v3,True,subgraph,False,100907.35,6583.01,1,False,5.0,fee(),CL/V3,False,3.29,3.3e-05,54411.48,27.21,89162.96,8,uniswap
2026-10-08,base,uniswap,cbETH/WETH,0x10648BA41B8565907Cfa1496765fA4D95390aa0d,cbETH,0x2Ae3F1Ec7F1F5012CFEab0185bfc7aa3cf0DEc22,WETH,2930.53,55242.11,485212780.0,231962003.0,1119.19,0.0,0.0,8,10,-1.62,1691014209000,1162.38,0.0203,0.8,v3,True,subgraph,False,55242.11,1119.19,1,False,5.0,fee(),CL/V3,False,0.56,1e-05,7892.37,3.95,37918.78,7,uniswap
2026-10-08,base,uniswap,KTA/WETH,0x8d421B0D641193D67Dd1aa024DAb17fcdE0BfC89,KTA,0xc0634090F2Fe6c6d75e61Be2b949464aBB498973,WETH,0.06588,67952.13,40453357.0,65881283.0,4424.45,491.9,0.64,132,74,-1.39,1741205999000,581.45,0.0651,1.784,v3,True,subgraph,False,67952.13,4424.45,1,False,100.0,fee(),CL/V3,False,44.24,0.000651,65264.01,652.64,35343.0,8,uniswap
2026-10-08,base,uniswap,cbBTC/WETH,0x8c7080564B5A792A33Ef2FD473fbA6364d5495e5,cbBTC,0xcbB7C0000aB88B473b1f5aFd9ef808440eed33Bf,WETH,82593.69,11078082.59,3887563383.0,3900116504.0,2094578.73,227465.65,0.0,95,440,-1.83,1726084175000,756.47,0.1891,0.216,v3,True,subgraph,False,11078082.59,2094578.73,1,False,30.0,fee(),CL/V3,False,6283.74,0.000567,8417067.5,25251.2,11730731.42,8,uniswap
2026-10-08,base,uniswap,WETH/USDC,0xb4CB800910B228ED3d0834cF79D697127BBB00e5,WETH,0x4200000000000000000000000000000000000006,USDC,2568.069,698942.81,724901753.0,692438606.0,11517499.19,2884205.5,448804.26,26136,31665,-1.89,1694885507000,1117.57,16.4785,0.825,v3,True,subgraph,False,698942.81,11517499.19,1,False,1.0,fee(),CL/V3,False,1151.75,0.001648,56600832.64,5660.08,464408.53,8,uniswap
2026-10-08,base,uniswap,USDT/USDC,0x49fff8ec544984d862c0c322c83bc0cfb7a9a953a7d4d4d352a2aff27f7602cf,USDT,0xfde4C96c8593536E31F229EA8f37b2ADa2699bb2,USDC,0.9992,6817.66,27108169.0,27108169.0,560298.96,560119.43,128015.55,1443,1518,0.0,1746521075000,519.94,82.1835,0.951,v4,True,inverse_connector,True,6817.66,560298.96,1,False,0.04,v4.getSlot0,V4,False,2.24,0.000329,,,,,
